date,hour,day_of_week,is_weekend,is_holiday,district,road_name,has_metro_nearby,bus_lane_available,parking_pressure,weather,temperature,rain_mm,precipitation_mm,wind_speed_kmh,humidity,event_news_count,event_nearby,avg_speed_kmh,delay_minutes,congestion_score,congestion_level
2025-01-01,0,Wednesday,0,1,Yasamal,Inshaatchilar Ave,1,0,1,clear,5.1,0.0,0.0,9.3,92,0,0,37.9,13,0.523,low
2025-01-01,0,Wednesday,0,1,Yasamal,Tbilisi Ave,1,0,1,clear,5.1,0.0,0.0,9.3,92,0,0,42.0,15,0.781,medium
2025-01-01,0,Wednesday,0,1,Nasimi,28 May St,1,0,1,clear,5.1,0.0,0.0,9.3,92,0,0,40.5,15,0.728,medium
2025-01-01,0,Wednesday,0,1,Nasimi,Azadliq Ave,1,1,1,clear,5.1,0.0,0.0,9.3,92,0,0,36.8,13,0.771,medium
2025-01-01,0,Wednesday,0,1,Sabail,Neftchilar Ave,1,0,1,clear,5.1,0.0,0.0,9.3,92,0,0,41.9,16,0.511,low
2025-01-01,0,Wednesday,0,1,Sabail,Istiglaliyyat St,0,0,1,clear,5.1,0.0,0.0,9.3,92,0,0,42.3,7,0.605,low
2025-01-01,0,Wednesday,0,1,Khatai,Babek Ave,1,1,0,clear,5.1,0.0,0.0,9.3,92,0,0,50.1,11,0.674,medium
2025-01-01,0,Wednesday,0,1,Khatai,Nobel Ave,0,0,0,clear,5.1,0.0,0.0,9.3,92,0,0,50.7,15,0.571,low
2025-01-01,0,Wednesday,0,1,Narimanov,Heydar Aliyev Ave,1,1,0,clear,5.1,0.0,0.0,9.3,92,0,0,43.7,7,0.413,low
2025-01-01,0,Wednesday,0,1,Narimanov,Ataturk Ave,1,0,1,clear,5.1,0.0,0.0,9.3,92,0,0,50.4,8,0.478,low
2025-01-01,0,Wednesday,0,1,Binagadi,Ziya Bunyadov Ave,0,1,0,clear,5.1,0.0,0.0,9.3,92,0,0,47.4,0,0.342,low
2025-01-01,0,Wednesday,0,1,Nizami,Qara Qarayev Ave,1,1,1,clear,5.1,0.0,0.0,9.3,92,0,0,42.5,5,0.414,low
2025-01-01,0,Wednesday,0,1,Surakhani,Airport Highway,0,0,0,clear,5.1,0.0,0.0,9.3,92,0,0,45.9,9,0.539,low
2025-01-01,0,Wednesday,0,1,Garadagh,Baku-Salyan Highway,0,0,0,clear,5.1,0.0,0.0,9.3,92,0,0,49.0,9,0.383,low
2025-01-01,1,Wednesday,0,1,Yasamal,Inshaatchilar Ave,1,0,1,clear,4.5,0.0,0.0,10.1,93,0,0,39.3,9,0.551,low
2025-01-01,1,Wednesday,0,1,Yasamal,Tbilisi Ave,1,0,1,clear,4.5,0.0,0.0,10.1,93,0,0,38.4,9,0.678,medium
2025-01-01,1,Wednesday,0,1,Nasimi,28 May St,1,0,1,clear,4.5,0.0,0.0,10.1,93,0,0,44.1,13,0.765,medium
2025-01-01,1,Wednesday,0,1,Nasimi,Azadliq Ave,1,1,1,clear,4.5,0.0,0.0,10.1,93,0,0,35.8,13,0.882,medium
2025-01-01,1,Wednesday,0,1,Sabail,Neftchilar Ave,1,0,1,clear,4.5,0.0,0.0,10.1,93,0,0,49.5,18,0.608,low
2025-01-01,1,Wednesday,0,1,Sabail,Istiglaliyyat St,0,0,1,clear,4.5,0.0,0.0,10.1,93,0,0,43.1,8,0.677,medium
2025-01-01,1,Wednesday,0,1,Khatai,Babek Ave,1,1,0,clear,4.5,0.0,0.0,10.1,93,0,0,43.5,8,0.753,medium
2025-01-01,1,Wednesday,0,1,Khatai,Nobel Ave,0,0,0,clear,4.5,0.0,0.0,10.1,93,0,0,48.2,13,0.452,low
2025-01-01,1,Wednesday,0,1,Narimanov,Heydar Aliyev Ave,1,1,0,clear,4.5,0.0,0.0,10.1,93,0,0,36.9,14,0.72,medium
2025-01-01,1,Wednesday,0,1,Narimanov,Ataturk Ave,1,0,1,clear,4.5,0.0,0.0,10.1,93,0,0,41.5,7,0.682,medium
2025-01-01,1,Wednesday,0,1,Binagadi,Ziya Bunyadov Ave,0,1,0,clear,4.5,0.0,0.0,10.1,93,0,0,40.4,7,0.558,low
2025-01-01,1,Wednesday,0,1,Nizami,Qara Qarayev Ave,1,1,1,clear,4.5,0.0,0.0,10.1,93,0,0,47.6,9,0.524,low
2025-01-01,1,Wednesday,0,1,Surakhani,Airport Highway,0,0,0,clear,4.5,0.0,0.0,10.1,93,0,0,52.1,6,0.259,low
2025-01-01,1,Wednesday,0,1,Garadagh,Baku-Salyan Highway,0,0,0,clear,4.5,0.0,0.0,10.1,93,0,0,54.3,10,0.288,low
2025-01-01,2,Wednesday,0,1,Yasamal,Inshaatchilar Ave,1,0,1,clear,4.2,0.0,0.0,11.1,92,0,0,35.4,22,0.881,medium
2025-01-01,2,Wednesday,0,1,Yasamal,Tbilisi Ave,1,0,1,clear,4.2,0.0,0.0,11.1,92,0,0,38.2,9,0.74,medium
2025-01-01,2,Wednesday,0,1,Nasimi,28 May St,1,0,1,clear,4.2,0.0,0.0,11.1,92,0,0,45.7,17,0.748,medium
2025-01-01,2,Wednesday,0,1,Nasimi,Azadliq Ave,1,1,1,clear,4.2,0.0,0.0,11.1,92,0,0,31.7,15,0.699,medium
2025-01-01,2,Wednesday,0,1,Sabail,Neftchilar Ave,1,0,1,clear,4.2,0.0,0.0,11.1,92,0,0,37.2,11,0.773,medium
2025-01-01,2,Wednesday,0,1,Sabail,Istiglaliyyat St,0,0,1,clear,4.2,0.0,0.0,11.1,92,0,0,50.3,7,0.606,low
2025-01-01,2,Wednesday,0,1,Khatai,Babek Ave,1,1,0,clear,4.2,0.0,0.0,11.1,92,0,0,52.3,7,0.465,low
2025-01-01,2,Wednesday,0,1,Khatai,Nobel Ave,0,0,0,clear,4.2,0.0,0.0,11.1,92,0,0,46.6,4,0.493,low
2025-01-01,2,Wednesday,0,1,Narimanov,Heydar Aliyev Ave,1,1,0,clear,4.2,0.0,0.0,11.1,92,0,0,38.2,15,0.623,low
2025-01-01,2,Wednesday,0,1,Narimanov,Ataturk Ave,1,0,1,clear,4.2,0.0,0.0,11.1,92,0,0,51.8,13,0.637,low
2025-01-01,2,Wednesday,0,1,Binagadi,Ziya Bunyadov Ave,0,1,0,clear,4.2,0.0,0.0,11.1,92,0,0,35.3,13,0.73,medium
2025-01-01,2,Wednesday,0,1,Nizami,Qara Qarayev Ave,1,1,1,clear,4.2,0.0,0.0,11.1,92,0,0,50.0,5,0.625,low
2025-01-01,2,Wednesday,0,1,Surakhani,Airport Highway,0,0,0,clear,4.2,0.0,0.0,11.1,92,0,0,46.3,17,0.585,low
2025-01-01,2,Wednesday,0,1,Garadagh,Baku-Salyan Highway,0,0,0,clear,4.2,0.0,0.0,11.1,92,0,0,47.8,6,0.432,low
2025-01-01,3,Wednesday,0,1,Yasamal,Inshaatchilar Ave,1,0,1,clear,4.1,0.0,0.0,11.8,92,0,0,36.1,11,0.657,medium
2025-01-01,3,Wednesday,0,1,Yasamal,Tbilisi Ave,1,0,1,clear,4.1,0.0,0.0,11.8,92,0,0,41.5,8,0.613,low
2025-01-01,3,Wednesday,0,1,Nasimi,28 May St,1,0,1,clear,4.1,0.0,0.0,11.8,92,0,0,34.4,16,0.877,medium
2025-01-01,3,Wednesday,0,1,Nasimi,Azadliq Ave,1,1,1,clear,4.1,0.0,0.0,11.8,92,0,0,47.1,13,0.664,medium
2025-01-01,3,Wednesday,0,1,Sabail,Neftchilar Ave,1,0,1,clear,4.1,0.0,0.0,11.8,92,0,0,41.0,12,0.699,medium
2025-01-01,3,Wednesday,0,1,Sabail,Istiglaliyyat St,0,0,1,clear,4.1,0.0,0.0,11.8,92,0,0,45.2,11,0.57,low
2025-01-01,3,Wednesday,0,1,Khatai,Babek Ave,1,1,0,clear,4.1,0.0,0.0,11.8,92,0,0,51.4,7,0.451,low
2025-01-01,3,Wednesday,0,1,Khatai,Nobel Ave,0,0,0,clear,4.1,0.0,0.0,11.8,92,0,0,35.5,11,0.677,medium
2025-01-01,3,Wednesday,0,1,Narimanov,Heydar Aliyev Ave,1,1,0,clear,4.1,0.0,0.0,11.8,92,0,0,37.3,13,0.717,medium
2025-01-01,3,Wednesday,0,1,Narimanov,Ataturk Ave,1,0,1,clear,4.1,0.0,0.0,11.8,92,0,0,37.9,15,0.776,medium
2025-01-01,3,Wednesday,0,1,Binagadi,Ziya Bunyadov Ave,0,1,0,clear,4.1,0.0,0.0,11.8,92,0,0,42.6,2,0.51,low
2025-01-01,3,Wednesday,0,1,Nizami,Qara Qarayev Ave,1,1,1,clear,4.1,0.0,0.0,11.8,92,0,0,46.3,15,0.718,medium
2025-01-01,3,Wednesday,0,1,Surakhani,Airport Highway,0,0,0,clear,4.1,0.0,0.0,11.8,92,0,0,46.2,7,0.445,low
2025-01-01,3,Wednesday,0,1,Garadagh,Baku-Salyan Highway,0,0,0,clear,4.1,0.0,0.0,11.8,92,0,0,56.7,4,0.137,low
2025-01-01,4,Wednesday,0,1,Yasamal,Inshaatchilar Ave,1,0,1,clear,4.0,0.0,0.0,11.9,91,0,0,50.5,6,0.428,low
2025-01-01,4,Wednesday,0,1,Yasamal,Tbilisi Ave,1,0,1,clear,4.0,0.0,0.0,11.9,91,0,0,48.3,13,0.719,medium
2025-01-01,4,Wednesday,0,1,Nasimi,28 May St,1,0,1,clear,4.0,0.0,0.0,11.9,91,0,0,31.3,20,1.04,medium
2025-01-01,4,Wednesday,0,1,Nasimi,Azadliq Ave,1,1,1,clear,4.0,0.0,0.0,11.9,91,0,0,41.7,10,0.562,low
2025-01-01,4,Wednesday,0,1,Sabail,Neftchilar Ave,1,0,1,clear,4.0,0.0,0.0,11.9,91,0,0,42.6,4,0.677,medium
2025-01-01,4,Wednesday,0,1,Sabail,Istiglaliyyat St,0,0,1,clear,4.0,0.0,0.0,11.9,91,0,0,36.9,22,0.852,medium
2025-01-01,4,Wednesday,0,1,Khatai,Babek Ave,1,1,0,clear,4.0,0.0,0.0,11.9,91,0,0,49.6,20,0.401,low
2025-01-01,4,Wednesday,0,1,Khatai,Nobel Ave,0,0,0,clear,4.0,0.0,0.0,11.9,91,0,0,41.5,6,0.437,low
2025-01-01,4,Wednesday,0,1,Narimanov,Heydar Aliyev Ave,1,1,0,clear,4.0,0.0,0.0,11.9,91,0,0,45.0,17,0.658,medium
2025-01-01,4,Wednesday,0,1,Narimanov,Ataturk Ave,1,0,1,clear,4.0,0.0,0.0,11.9,91,0,0,36.9,9,0.611,low
2025-01-01,4,Wednesday,0,1,Binagadi,Ziya Bunyadov Ave,0,1,0,clear,4.0,0.0,0.0,11.9,91,0,0,42.6,5,0.72,medium
2025-01-01,4,Wednesday,0,1,Nizami,Qara Qarayev Ave,1,1,1,clear,4.0,0.0,0.0,11.9,91,0,0,49.5,19,0.587,low
2025-01-01,4,Wednesday,0,1,Surakhani,Airport Highway,0,0,0,clear,4.0,0.0,0.0,11.9,91,0,0,46.3,5,0.539,low
2025-01-01,4,Wednesday,0,1,Garadagh,Baku-Salyan Highway,0,0,0,clear,4.0,0.0,0.0,11.9,91,0,0,52.2,7,0.25,low
2025-01-01,5,Wednesday,0,1,Yasamal,Inshaatchilar Ave,1,0,1,clear,3.3,0.0,0.0,9.2,90,0,0,43.7,9,0.539,low
2025-01-01,5,Wednesday,0,1,Yasamal,Tbilisi Ave,1,0,1,clear,3.3,0.0,0.0,9.2,90,0,0,35.3,19,0.893,medium
2025-01-01,5,Wednesday,0,1,Nasimi,28 May St,1,0,1,clear,3.3,0.0,0.0,9.2,90,0,0,41.3,7,0.873,medium
2025-01-01,5,Wednesday,0,1,Nasimi,Azadliq Ave,1,1,1,clear,3.3,0.0,0.0,9.2,90,0,0,42.2,12,0.678,medium
2025-01-01,5,Wednesday,0,1,Sabail,Neftchilar Ave,1,0,1,clear,3.3,0.0,0.0,9.2,90,0,0,40.4,15,0.583,low
2025-01-01,5,Wednesday,0,1,Sabail,Istiglaliyyat St,0,0,1,clear,3.3,0.0,0.0,9.2,90,0,0,39.5,12,0.683,medium
2025-01-01,5,Wednesday,0,1,Khatai,Babek Ave,1,1,0,clear,3.3,0.0,0.0,9.2,90,0,0,47.7,9,0.479,low
2025-01-01,5,Wednesday,0,1,Khatai,Nobel Ave,0,0,0,clear,3.3,0.0,0.0,9.2,90,0,0,38.4,13,0.623,low
2025-01-01,5,Wednesday,0,1,Narimanov,Heydar Aliyev Ave,1,1,0,clear,3.3,0.0,0.0,9.2,90,0,0,57.5,10,0.474,low
2025-01-01,5,Wednesday,0,1,Narimanov,Ataturk Ave,1,0,1,clear,3.3,0.0,0.0,9.2,90,0,0,43.8,4,0.487,low
2025-01-01,5,Wednesday,0,1,Binagadi,Ziya Bunyadov Ave,0,1,0,clear,3.3,0.0,0.0,9.2,90,0,0,42.7,13,0.606,low
2025-01-01,5,Wednesday,0,1,Nizami,Qara Qarayev Ave,1,1,1,clear,3.3,0.0,0.0,9.2,90,0,0,50.8,5,0.51,low
2025-01-01,5,Wednesday,0,1,Surakhani,Airport Highway,0,0,0,clear,3.3,0.0,0.0,9.2,90,0,0,48.5,10,0.51,low
2025-01-01,5,Wednesday,0,1,Garadagh,Baku-Salyan Highway,0,0,0,clear,3.3,0.0,0.0,9.2,90,0,0,44.4,1,0.442,low
2025-01-01,6,Wednesday,0,1,Yasamal,Inshaatchilar Ave,1,0,1,clear,3.0,0.0,0.0,8.3,89,0,0,34.2,16,0.947,medium
2025-01-01,6,Wednesday,0,1,Yasamal,Tbilisi Ave,1,0,1,clear,3.0,0.0,0.0,8.3,89,0,0,34.8,19,1.065,high
2025-01-01,6,Wednesday,0,1,Nasimi,28 May St,1,0,1,clear,3.0,0.0,0.0,8.3,89,0,0,39.2,14,0.875,medium
2025-01-01,6,Wednesday,0,1,Nasimi,Azadliq Ave,1,1,1,clear,3.0,0.0,0.0,8.3,89,0,0,42.7,14,0.878,medium
2025-01-01,6,Wednesday,0,1,Sabail,Neftchilar Ave,1,0,1,clear,3.0,0.0,0.0,8.3,89,0,0,34.7,15,1.009,medium
2025-01-01,6,Wednesday,0,1,Sabail,Istiglaliyyat St,0,0,1,clear,3.0,0.0,0.0,8.3,89,0,0,32.9,19,1.001,medium
2025-01-01,6,Wednesday,0,1,Khatai,Babek Ave,1,1,0,clear,3.0,0.0,0.0,8.3,89,0,0,50.2,12,0.616,low
2025-01-01,6,Wednesday,0,1,Khatai,Nobel Ave,0,0,0,clear,3.0,0.0,0.0,8.3,89,0,0,34.7,19,0.814,medium
2025-01-01,6,Wednesday,0,1,Narimanov,Heydar Aliyev Ave,1,1,0,clear,3.0,0.0,0.0,8.3,89,0,0,35.0,7,0.824,medium
2025-01-01,6,Wednesday,0,1,Narimanov,Ataturk Ave,1,0,1,clear,3.0,0.0,0.0,8.3,89,0,0,44.6,14,0.83,medium
2025-01-01,6,Wednesday,0,1,Binagadi,Ziya Bunyadov Ave,0,1,0,clear,3.0,0.0,0.0,8.3,89,0,0,34.4,20,0.929,medium
2025-01-01,6,Wednesday,0,1,Nizami,Qara Qarayev Ave,1,1,1,clear,3.0,0.0,0.0,8.3,89,0,0,34.5,23,1.053,high
2025-01-01,6,Wednesday,0,1,Surakhani,Airport Highway,0,0,0,clear,3.0,0.0,0.0,8.3,89,0,0,45.4,16,0.867,medium
2025-01-01,6,Wednesday,0,1,Garadagh,Baku-Salyan Highway,0,0,0,clear,3.0,0.0,0.0,8.3,89,0,0,42.6,3,0.509,low
2025-01-01,7,Wednesday,0,1,Yasamal,Inshaatchilar Ave,1,0,1,clear,2.8,0.0,0.0,8.3,88,0,0,31.9,22,1.388,high
2025-01-01,7,Wednesday,0,1,Yasamal,Tbilisi Ave,1,0,1,clear,2.8,0.0,0.0,8.3,88,0,0,23.9,23,1.455,severe
2025-01-01,7,Wednesday,0,1,Nasimi,28 May St,1,0,1,clear,2.8,0.0,0.0,8.3,88,0,0,21.2,24,1.548,severe
2025-01-01,7,Wednesday,0,1,Nasimi,Azadliq Ave,1,1,1,clear,2.8,0.0,0.0,8.3,88,0,0,24.4,27,1.531,severe
2025-01-01,7,Wednesday,0,1,Sabail,Neftchilar Ave,1,0,1,clear,2.8,0.0,0.0,8.3,88,0,0,22.9,29,1.333,high
2025-01-01,7,Wednesday,0,1,Sabail,Istiglaliyyat St,0,0,1,clear,2.8,0.0,0.0,8.3,88,0,0,28.8,23,1.292,high
2025-01-01,7,Wednesday,0,1,Khatai,Babek Ave,1,1,0,clear,2.8,0.0,0.0,8.3,88,0,0,26.5,26,1.294,high
2025-01-01,7,Wednesday,0,1,Khatai,Nobel Ave,0,0,0,clear,2.8,0.0,0.0,8.3,88,0,0,32.1,25,1.218,high
2025-01-01,7,Wednesday,0,1,Narimanov,Heydar Aliyev Ave,1,1,0,clear,2.8,0.0,0.0,8.3,88,0,0,23.7,19,1.286,high
2025-01-01,7,Wednesday,0,1,Narimanov,Ataturk Ave,1,0,1,clear,2.8,0.0,0.0,8.3,88,0,0,24.0,26,1.251,high
2025-01-01,7,Wednesday,0,1,Binagadi,Ziya Bunyadov Ave,0,1,0,clear,2.8,0.0,0.0,8.3,88,0,0,33.9,32,1.264,high
2025-01-01,7,Wednesday,0,1,Nizami,Qara Qarayev Ave,1,1,1,clear,2.8,0.0,0.0,8.3,88,0,0,20.8,22,1.293,high
2025-01-01,7,Wednesday,0,1,Surakhani,Airport Highway,0,0,0,clear,2.8,0.0,0.0,8.3,88,0,0,24.2,20,1.161,high
2025-01-01,7,Wednesday,0,1,Garadagh,Baku-Salyan Highway,0,0,0,clear,2.8,0.0,0.0,8.3,88,0,0,30.1,16,1.084,high
2025-01-01,8,Wednesday,0,1,Yasamal,Inshaatchilar Ave,1,0,1,clear,2.7,0.0,0.0,8.4,89,0,0,23.8,22,1.297,high
2025-01-01,8,Wednesday,0,1,Yasamal,Tbilisi Ave,1,0,1,clear,2.7,0.0,0.0,8.4,89,0,0,29.2,29,1.286,high
2025-01-01,8,Wednesday,0,1,Nasimi,28 May St,1,0,1,clear,2.7,0.0,0.0,8.4,89,0,0,30.8,26,1.326,high
2025-01-01,8,Wednesday,0,1,Nasimi,Azadliq Ave,1,1,1,clear,2.7,0.0,0.0,8.4,89,0,0,16.7,30,1.459,severe
2025-01-01,8,Wednesday,0,1,Sabail,Neftchilar Ave,1,0,1,clear,2.7,0.0,0.0,8.4,89,0,0,27.4,26,1.383,high
2025-01-01,8,Wednesday,0,1,Sabail,Istiglaliyyat St,0,0,1,clear,2.7,0.0,0.0,8.4,89,0,0,28.5,25,1.151,high
2025-01-01,8,Wednesday,0,1,Khatai,Babek Ave,1,1,0,clear,2.7,0.0,0.0,8.4,89,0,0,26.0,24,1.156,high
2025-01-01,8,Wednesday,0,1,Khatai,Nobel Ave,0,0,0,clear,2.7,0.0,0.0,8.4,89,0,0,34.7,11,0.948,medium
2025-01-01,8,Wednesday,0,1,Narimanov,Heydar Aliyev Ave,1,1,0,clear,2.7,0.0,0.0,8.4,89,0,0,33.5,21,1.263,high
2025-01-01,8,Wednesday,0,1,Narimanov,Ataturk Ave,1,0,1,clear,2.7,0.0,0.0,8.4,89,0,0,29.5,23,1.304,high
2025-01-01,8,Wednesday,0,1,Binagadi,Ziya Bunyadov Ave,0,1,0,clear,2.7,0.0,0.0,8.4,89,0,0,36.2,22,1.19,high
2025-01-01,8,Wednesday,0,1,Nizami,Qara Qarayev Ave,1,1,1,clear,2.7,0.0,0.0,8.4,89,0,0,31.8,23,1.32,high
2025-01-01,8,Wednesday,0,1,Surakhani,Airport Highway,0,0,0,clear,2.7,0.0,0.0,8.4,89,0,0,25.2,25,1.186,high
2025-01-01,8,Wednesday,0,1,Garadagh,Baku-Salyan Highway,0,0,0,clear,2.7,0.0,0.0,8.4,89,0,0,34.5,13,0.947,medium
2025-01-01,9,Wednesday,0,1,Yasamal,Inshaatchilar Ave,1,0,1,clear,3.7,0.0,0.0,9.5,89,0,0,31.2,26,1.493,severe
2025-01-01,9,Wednesday,0,1,Yasamal,Tbilisi Ave,1,0,1,clear,3.7,0.0,0.0,9.5,89,0,0,23.7,34,1.433,high
2025-01-01,9,Wednesday,0,1,Nasimi,28 May St,1,0,1,clear,3.7,0.0,0.0,9.5,89,0,0,29.5,17,1.269,high
2025-01-01,9,Wednesday,0,1,Nasimi,Azadliq Ave,1,1,1,clear,3.7,0.0,0.0,9.5,89,0,0,25.5,13,1.017,medium
2025-01-01,9,Wednesday,0,1,Sabail,Neftchilar Ave,1,0,1,clear,3.7,0.0,0.0,9.5,89,0,0,17.4,27,1.545,severe
2025-01-01,9,Wednesday,0,1,Sabail,Istiglaliyyat St,0,0,1,clear,3.7,0.0,0.0,9.5,89,0,0,32.2,17,1.177,high
2025-01-01,9,Wednesday,0,1,Khatai,Babek Ave,1,1,0,clear,3.7,0.0,0.0,9.5,89,0,0,20.8,22,1.385,high
2025-01-01,9,Wednesday,0,1,Khatai,Nobel Ave,0,0,0,clear,3.7,0.0,0.0,9.5,89,0,0,27.8,28,1.262,high
2025-01-01,9,Wednesday,0,1,Narimanov,Heydar Aliyev Ave,1,1,0,clear,3.7,0.0,0.0,9.5,89,0,0,21.5,22,1.321,high
2025-01-01,9,Wednesday,0,1,Narimanov,Ataturk Ave,1,0,1,clear,3.7,0.0,0.0,9.5,89,0,0,30.2,25,1.278,high
2025-01-01,9,Wednesday,0,1,Binagadi,Ziya Bunyadov Ave,0,1,0,clear,3.7,0.0,0.0,9.5,89,0,0,31.2,21,1.263,high
2025-01-01,9,Wednesday,0,1,Nizami,Qara Qarayev Ave,1,1,1,clear,3.7,0.0,0.0,9.5,89,0,0,28.0,29,1.281,high
2025-01-01,9,Wednesday,0,1,Surakhani,Airport Highway,0,0,0,clear,3.7,0.0,0.0,9.5,89,0,0,28.6,17,1.165,high
2025-01-01,9,Wednesday,0,1,Garadagh,Baku-Salyan Highway,0,0,0,clear,3.7,0.0,0.0,9.5,89,0,0,28.3,22,1.139,high
2025-01-01,10,Wednesday,0,1,Yasamal,Inshaatchilar Ave,1,0,1,clear,5.4,0.0,0.0,9.7,88,0,0,33.6,18,1.074,high
2025-01-01,10,Wednesday,0,1,Yasamal,Tbilisi Ave,1,0,1,clear,5.4,0.0,0.0,9.7,88,0,0,26.7,23,1.552,severe
2025-01-01,10,Wednesday,0,1,Nasimi,28 May St,1,0,1,clear,5.4,0.0,0.0,9.7,88,0,0,25.5,26,1.288,high
2025-01-01,10,Wednesday,0,1,Nasimi,Azadliq Ave,1,1,1,clear,5.4,0.0,0.0,9.7,88,0,0,28.8,20,1.084,high
2025-01-01,10,Wednesday,0,1,Sabail,Neftchilar Ave,1,0,1,clear,5.4,0.0,0.0,9.7,88,0,0,27.2,20,1.3,high
2025-01-01,10,Wednesday,0,1,Sabail,Istiglaliyyat St,0,0,1,clear,5.4,0.0,0.0,9.7,88,0,0,29.6,13,1.131,high
2025-01-01,10,Wednesday,0,1,Khatai,Babek Ave,1,1,0,clear,5.4,0.0,0.0,9.7,88,0,0,16.0,19,1.523,severe
2025-01-01,10,Wednesday,0,1,Khatai,Nobel Ave,0,0,0,clear,5.4,0.0,0.0,9.7,88,0,0,24.4,18,1.193,high
2025-01-01,10,Wednesday,0,1,Narimanov,Heydar Aliyev Ave,1,1,0,clear,5.4,0.0,0.0,9.7,88,0,0,26.1,27,1.418,high
2025-01-01,10,Wednesday,0,1,Narimanov,Ataturk Ave,1,0,1,clear,5.4,0.0,0.0,9.7,88,0,0,26.8,27,1.292,high
2025-01-01,10,Wednesday,0,1,Binagadi,Ziya Bunyadov Ave,0,1,0,clear,5.4,0.0,0.0,9.7,88,0,0,30.9,23,1.174,high
2025-01-01,10,Wednesday,0,1,Nizami,Qara Qarayev Ave,1,1,1,clear,5.4,0.0,0.0,9.7,88,0,0,32.4,21,1.232,high
2025-01-01,10,Wednesday,0,1,Surakhani,Airport Highway,0,0,0,clear,5.4,0.0,0.0,9.7,88,0,0,24.2,22,1.247,high
2025-01-01,10,Wednesday,0,1,Garadagh,Baku-Salyan Highway,0,0,0,clear,5.4,0.0,0.0,9.7,88,0,0,36.3,17,1.019,medium
2025-01-01,11,Wednesday,0,1,Yasamal,Inshaatchilar Ave,1,0,1,clear,7.2,0.0,0.0,7.7,86,0,0,35.7,22,0.944,medium
2025-01-01,11,Wednesday,0,1,Yasamal,Tbilisi Ave,1,0,1,clear,7.2,0.0,0.0,7.7,86,0,0,35.0,19,1.226,high
2025-01-01,11,Wednesday,0,1,Nasimi,28 May St,1,0,1,clear,7.2,0.0,0.0,7.7,86,0,0,28.7,23,1.066,high
2025-01-01,11,Wednesday,0,1,Nasimi,Azadliq Ave,1,1,1,clear,7.2,0.0,0.0,7.7,86,0,0,30.6,20,1.082,high
2025-01-01,11,Wednesday,0,1,Sabail,Neftchilar Ave,1,0,1,clear,7.2,0.0,0.0,7.7,86,0,0,34.1,21,0.916,medium
2025-01-01,11,Wednesday,0,1,Sabail,Istiglaliyyat St,0,0,1,clear,7.2,0.0,0.0,7.7,86,0,0,31.1,22,1.028,medium
2025-01-01,11,Wednesday,0,1,Khatai,Babek Ave,1,1,0,clear,7.2,0.0,0.0,7.7,86,0,0,42.9,12,0.733,medium
2025-01-01,11,Wednesday,0,1,Khatai,Nobel Ave,0,0,0,clear,7.2,0.0,0.0,7.7,86,0,0,38.8,12,0.627,low
2025-01-01,11,Wednesday,0,1,Narimanov,Heydar Aliyev Ave,1,1,0,clear,7.2,0.0,0.0,7.7,86,0,0,30.6,25,1.062,high
2025-01-01,11,Wednesday,0,1,Narimanov,Ataturk Ave,1,0,1,clear,7.2,0.0,0.0,7.7,86,0,0,27.6,17,0.989,medium
2025-01-01,11,Wednesday,0,1,Binagadi,Ziya Bunyadov Ave,0,1,0,clear,7.2,0.0,0.0,7.7,86,0,0,32.3,14,0.832,medium
2025-01-01,11,Wednesday,0,1,Nizami,Qara Qarayev Ave,1,1,1,clear,7.2,0.0,0.0,7.7,86,0,0,35.9,23,1.023,medium
2025-01-01,11,Wednesday,0,1,Surakhani,Airport Highway,0,0,0,clear,7.2,0.0,0.0,7.7,86,0,0,35.6,14,0.756,medium
2025-01-01,11,Wednesday,0,1,Garadagh,Baku-Salyan Highway,0,0,0,clear,7.2,0.0,0.0,7.7,86,0,0,53.3,6,0.462,low
2025-01-01,12,Wednesday,0,1,Yasamal,Inshaatchilar Ave,1,0,1,clear,8.6,0.0,0.0,7.6,78,0,0,30.9,19,0.946,medium
2025-01-01,12,Wednesday,0,1,Yasamal,Tbilisi Ave,1,0,1,clear,8.6,0.0,0.0,7.6,78,0,0,36.0,18,0.863,medium
2025-01-01,12,Wednesday,0,1,Nasimi,28 May St,1,0,1,clear,8.6,0.0,0.0,7.6,78,0,0,29.5,14,1.135,high
2025-01-01,12,Wednesday,0,1,Nasimi,Azadliq Ave,1,1,1,clear,8.6,0.0,0.0,7.6,78,0,0,29.7,15,0.956,medium
2025-01-01,12,Wednesday,0,1,Sabail,Neftchilar Ave,1,0,1,clear,8.6,0.0,0.0,7.6,78,0,0,40.1,14,0.913,medium
2025-01-01,12,Wednesday,0,1,Sabail,Istiglaliyyat St,0,0,1,clear,8.6,0.0,0.0,7.6,78,0,0,31.9,21,1.009,medium
2025-01-01,12,Wednesday,0,1,Khatai,Babek Ave,1,1,0,clear,8.6,0.0,0.0,7.6,78,0,0,44.9,17,0.766,medium
2025-01-01,12,Wednesday,0,1,Khatai,Nobel Ave,0,0,0,clear,8.6,0.0,0.0,7.6,78,0,0,38.3,13,0.711,medium
2025-01-01,12,Wednesday,0,1,Narimanov,Heydar Aliyev Ave,1,1,0,clear,8.6,0.0,0.0,7.6,78,0,0,40.9,13,0.882,medium
2025-01-01,12,Wednesday,0,1,Narimanov,Ataturk Ave,1,0,1,clear,8.6,0.0,0.0,7.6,78,0,0,30.5,17,0.885,medium
2025-01-01,12,Wednesday,0,1,Binagadi,Ziya Bunyadov Ave,0,1,0,clear,8.6,0.0,0.0,7.6,78,0,0,38.5,14,0.824,medium
2025-01-01,12,Wednesday,0,1,Nizami,Qara Qarayev Ave,1,1,1,clear,8.6,0.0,0.0,7.6,78,0,0,34.7,24,0.983,medium
2025-01-01,12,Wednesday,0,1,Surakhani,Airport Highway,0,0,0,clear,8.6,0.0,0.0,7.6,78,0,0,46.3,4,0.642,low
2025-01-01,12,Wednesday,0,1,Garadagh,Baku-Salyan Highway,0,0,0,clear,8.6,0.0,0.0,7.6,78,0,0,31.4,16,0.962,medium
2025-01-01,13,Wednesday,0,1,Yasamal,Inshaatchilar Ave,1,0,1,clear,9.4,0.0,0.0,7.8,75,0,0,26.3,15,0.914,medium
2025-01-01,13,Wednesday,0,1,Yasamal,Tbilisi Ave,1,0,1,clear,9.4,0.0,0.0,7.8,75,0,0,35.4,14,0.934,medium
2025-01-01,13,Wednesday,0,1,Nasimi,28 May St,1,0,1,clear,9.4,0.0,0.0,7.8,75,0,0,33.4,7,0.875,medium
2025-01-01,13,Wednesday,0,1,Nasimi,Azadliq Ave,1,1,1,clear,9.4,0.0,0.0,7.8,75,0,0,42.8,10,0.704,medium
2025-01-01,13,Wednesday,0,1,Sabail,Neftchilar Ave,1,0,1,clear,9.4,0.0,0.0,7.8,75,0,0,38.5,16,0.921,medium
2025-01-01,13,Wednesday,0,1,Sabail,Istiglaliyyat St,0,0,1,clear,9.4,0.0,0.0,7.8,75,0,0,39.4,15,0.827,medium
2025-01-01,13,Wednesday,0,1,Khatai,Babek Ave,1,1,0,clear,9.4,0.0,0.0,7.8,75,0,0,50.0,9,0.721,medium
2025-01-01,13,Wednesday,0,1,Khatai,Nobel Ave,0,0,0,clear,9.4,0.0,0.0,7.8,75,0,0,42.6,12,0.664,medium
2025-01-01,13,Wednesday,0,1,Narimanov,Heydar Aliyev Ave,1,1,0,clear,9.4,0.0,0.0,7.8,75,0,0,42.1,10,0.847,medium
2025-01-01,13,Wednesday,0,1,Narimanov,Ataturk Ave,1,0,1,clear,9.4,0.0,0.0,7.8,75,0,0,29.6,29,1.179,high
2025-01-01,13,Wednesday,0,1,Binagadi,Ziya Bunyadov Ave,0,1,0,clear,9.4,0.0,0.0,7.8,75,0,0,37.8,11,0.88,medium
2025-01-01,13,Wednesday,0,1,Nizami,Qara Qarayev Ave,1,1,1,clear,9.4,0.0,0.0,7.8,75,0,0,36.1,14,0.875,medium
2025-01-01,13,Wednesday,0,1,Surakhani,Airport Highway,0,0,0,clear,9.4,0.0,0.0,7.8,75,0,0,28.4,18,0.857,medium
2025-01-01,13,Wednesday,0,1,Garadagh,Baku-Salyan Highway,0,0,0,clear,9.4,0.0,0.0,7.8,75,0,0,38.0,11,0.673,medium
2025-01-01,14,Wednesday,0,1,Yasamal,Inshaatchilar Ave,1,0,1,clear,9.6,0.0,0.0,6.8,76,0,0,42.1,11,0.874,medium
2025-01-01,14,Wednesday,0,1,Yasamal,Tbilisi Ave,1,0,1,clear,9.6,0.0,0.0,6.8,76,0,0,41.8,23,1.068,high
2025-01-01,14,Wednesday,0,1,Nasimi,28 May St,1,0,1,clear,9.6,0.0,0.0,6.8,76,0,0,33.0,19,1.206,high
2025-01-01,14,Wednesday,0,1,Nasimi,Azadliq Ave,1,1,1,clear,9.6,0.0,0.0,6.8,76,0,0,40.8,16,0.824,medium
2025-01-01,14,Wednesday,0,1,Sabail,Neftchilar Ave,1,0,1,clear,9.6,0.0,0.0,6.8,76,0,0,35.3,11,0.914,medium
2025-01-01,14,Wednesday,0,1,Sabail,Istiglaliyyat St,0,0,1,clear,9.6,0.0,0.0,6.8,76,0,0,33.5,18,0.981,medium
2025-01-01,14,Wednesday,0,1,Khatai,Babek Ave,1,1,0,clear,9.6,0.0,0.0,6.8,76,0,0,42.7,15,0.768,medium
2025-01-01,14,Wednesday,0,1,Khatai,Nobel Ave,0,0,0,clear,9.6,0.0,0.0,6.8,76,0,0,39.7,17,0.775,medium
2025-01-01,14,Wednesday,0,1,Narimanov,Heydar Aliyev Ave,1,1,0,clear,9.6,0.0,0.0,6.8,76,0,0,31.0,17,0.912,medium
2025-01-01,14,Wednesday,0,1,Narimanov,Ataturk Ave,1,0,1,clear,9.6,0.0,0.0,6.8,76,0,0,40.1,17,0.836,medium
2025-01-01,14,Wednesday,0,1,Binagadi,Ziya Bunyadov Ave,0,1,0,clear,9.6,0.0,0.0,6.8,76,0,0,39.0,17,0.897,medium
2025-01-01,14,Wednesday,0,1,Nizami,Qara Qarayev Ave,1,1,1,clear,9.6,0.0,0.0,6.8,76,0,0,38.0,11,0.894,medium
2025-01-01,14,Wednesday,0,1,Surakhani,Airport Highway,0,0,0,clear,9.6,0.0,0.0,6.8,76,0,0,29.2,11,0.862,medium
2025-01-01,14,Wednesday,0,1,Garadagh,Baku-Salyan Highway,0,0,0,clear,9.6,0.0,0.0,6.8,76,0,0,40.5,16,0.671,medium
2025-01-01,15,Wednesday,0,1,Yasamal,Inshaatchilar Ave,1,0,1,clear,10.1,0.0,0.0,4.4,73,0,0,36.2,17,0.885,medium
2025-01-01,15,Wednesday,0,1,Yasamal,Tbilisi Ave,1,0,1,clear,10.1,0.0,0.0,4.4,73,0,0,33.5,17,1.165,high
2025-01-01,15,Wednesday,0,1,Nasimi,28 May St,1,0,1,clear,10.1,0.0,0.0,4.4,73,0,0,29.4,24,1.229,high
2025-01-01,15,Wednesday,0,1,Nasimi,Azadliq Ave,1,1,1,clear,10.1,0.0,0.0,4.4,73,0,0,40.6,11,0.735,medium
2025-01-01,15,Wednesday,0,1,Sabail,Neftchilar Ave,1,0,1,clear,10.1,0.0,0.0,4.4,73,0,0,37.4,13,0.838,medium
2025-01-01,15,Wednesday,0,1,Sabail,Istiglaliyyat St,0,0,1,clear,10.1,0.0,0.0,4.4,73,0,0,20.8,26,1.268,high
2025-01-01,15,Wednesday,0,1,Khatai,Babek Ave,1,1,0,clear,10.1,0.0,0.0,4.4,73,0,0,35.3,13,0.909,medium
2025-01-01,15,Wednesday,0,1,Khatai,Nobel Ave,0,0,0,clear,10.1,0.0,0.0,4.4,73,0,0,39.4,17,0.854,medium
2025-01-01,15,Wednesday,0,1,Narimanov,Heydar Aliyev Ave,1,1,0,clear,10.1,0.0,0.0,4.4,73,0,0,42.8,11,0.737,medium
2025-01-01,15,Wednesday,0,1,Narimanov,Ataturk Ave,1,0,1,clear,10.1,0.0,0.0,4.4,73,0,0,39.0,13,0.793,medium
2025-01-01,15,Wednesday,0,1,Binagadi,Ziya Bunyadov Ave,0,1,0,clear,10.1,0.0,0.0,4.4,73,0,0,37.9,21,0.904,medium
2025-01-01,15,Wednesday,0,1,Nizami,Qara Qarayev Ave,1,1,1,clear,10.1,0.0,0.0,4.4,73,0,0,39.3,12,0.984,medium
2025-01-01,15,Wednesday,0,1,Surakhani,Airport Highway,0,0,0,clear,10.1,0.0,0.0,4.4,73,0,0,34.8,16,0.969,medium
2025-01-01,15,Wednesday,0,1,Garadagh,Baku-Salyan Highway,0,0,0,clear,10.1,0.0,0.0,4.4,73,0,0,37.7,10,0.616,low
2025-01-01,16,Wednesday,0,1,Yasamal,Inshaatchilar Ave,1,0,1,clear,8.7,0.0,0.0,13.2,74,0,0,36.8,15,1.022,medium
2025-01-01,16,Wednesday,0,1,Yasamal,Tbilisi Ave,1,0,1,clear,8.7,0.0,0.0,13.2,74,0,0,30.1,24,1.206,high
2025-01-01,16,Wednesday,0,1,Nasimi,28 May St,1,0,1,clear,8.7,0.0,0.0,13.2,74,0,0,36.2,17,0.899,medium
2025-01-01,16,Wednesday,0,1,Nasimi,Azadliq Ave,1,1,1,clear,8.7,0.0,0.0,13.2,74,0,0,39.0,17,0.857,medium
2025-01-01,16,Wednesday,0,1,Sabail,Neftchilar Ave,1,0,1,clear,8.7,0.0,0.0,13.2,74,0,0,40.2,16,0.97,medium
2025-01-01,16,Wednesday,0,1,Sabail,Istiglaliyyat St,0,0,1,clear,8.7,0.0,0.0,13.2,74,0,0,39.8,18,1.077,high
2025-01-01,16,Wednesday,0,1,Khatai,Babek Ave,1,1,0,clear,8.7,0.0,0.0,13.2,74,0,0,29.8,21,1.01,medium
2025-01-01,16,Wednesday,0,1,Khatai,Nobel Ave,0,0,0,clear,8.7,0.0,0.0,13.2,74,0,0,41.5,15,0.719,medium
2025-01-01,16,Wednesday,0,1,Narimanov,Heydar Aliyev Ave,1,1,0,clear,8.7,0.0,0.0,13.2,74,0,0,29.3,14,0.971,medium
2025-01-01,16,Wednesday,0,1,Narimanov,Ataturk Ave,1,0,1,clear,8.7,0.0,0.0,13.2,74,0,0,35.7,19,0.979,medium
2025-01-01,16,Wednesday,0,1,Binagadi,Ziya Bunyadov Ave,0,1,0,clear,8.7,0.0,0.0,13.2,74,0,0,38.7,18,0.646,low
2025-01-01,16,Wednesday,0,1,Nizami,Qara Qarayev Ave,1,1,1,clear,8.7,0.0,0.0,13.2,74,0,0,36.7,15,0.898,medium
2025-01-01,16,Wednesday,0,1,Surakhani,Airport Highway,0,0,0,clear,8.7,0.0,0.0,13.2,74,0,0,39.6,7,0.553,low
2025-01-01,16,Wednesday,0,1,Garadagh,Baku-Salyan Highway,0,0,0,clear,8.7,0.0,0.0,13.2,74,0,0,36.8,10,0.746,medium
2025-01-01,17,Wednesday,0,1,Yasamal,Inshaatchilar Ave,1,0,1,cloudy,7.9,0.0,0.0,14.4,94,0,0,20.0,25,1.476,severe
2025-01-01,17,Wednesday,0,1,Yasamal,Tbilisi Ave,1,0,1,cloudy,7.9,0.0,0.0,14.4,94,0,0,20.0,27,1.532,severe
2025-01-01,17,Wednesday,0,1,Nasimi,28 May St,1,0,1,cloudy,7.9,0.0,0.0,14.4,94,0,0,26.4,21,1.379,high
2025-01-01,17,Wednesday,0,1,Nasimi,Azadliq Ave,1,1,1,cloudy,7.9,0.0,0.0,14.4,94,0,0,20.4,28,1.302,high
2025-01-01,17,Wednesday,0,1,Sabail,Neftchilar Ave,1,0,1,cloudy,7.9,0.0,0.0,14.4,94,0,0,26.8,28,1.49,severe
2025-01-01,17,Wednesday,0,1,Sabail,Istiglaliyyat St,0,0,1,cloudy,7.9,0.0,0.0,14.4,94,0,0,24.8,25,1.202,high
2025-01-01,17,Wednesday,0,1,Khatai,Babek Ave,1,1,0,cloudy,7.9,0.0,0.0,14.4,94,0,0,24.3,21,1.225,high
2025-01-01,17,Wednesday,0,1,Khatai,Nobel Ave,0,0,0,cloudy,7.9,0.0,0.0,14.4,94,0,0,22.4,22,1.315,high
2025-01-01,17,Wednesday,0,1,Narimanov,Heydar Aliyev Ave,1,1,0,cloudy,7.9,0.0,0.0,14.4,94,0,0,15.5,26,1.339,high
2025-01-01,17,Wednesday,0,1,Narimanov,Ataturk Ave,1,0,1,cloudy,7.9,0.0,0.0,14.4,94,0,0,31.1,20,1.339,high
2025-01-01,17,Wednesday,0,1,Binagadi,Ziya Bunyadov Ave,0,1,0,cloudy,7.9,0.0,0.0,14.4,94,0,0,34.5,15,1.177,high
2025-01-01,17,Wednesday,0,1,Nizami,Qara Qarayev Ave,1,1,1,cloudy,7.9,0.0,0.0,14.4,94,0,0,28.9,22,1.31,high
2025-01-01,17,Wednesday,0,1,Surakhani,Airport Highway,0,0,0,cloudy,7.9,0.0,0.0,14.4,94,0,0,33.1,18,1.068,high
2025-01-01,17,Wednesday,0,1,Garadagh,Baku-Salyan Highway,0,0,0,cloudy,7.9,0.0,0.0,14.4,94,0,0,29.1,36,1.3,high
2025-01-01,18,Wednesday,0,1,Yasamal,Inshaatchilar Ave,1,0,1,cloudy,7.5,0.0,0.0,13.7,92,0,0,18.3,28,1.415,high
2025-01-01,18,Wednesday,0,1,Yasamal,Tbilisi Ave,1,0,1,cloudy,7.5,0.0,0.0,13.7,92,0,0,20.0,29,1.552,severe
2025-01-01,18,Wednesday,0,1,Nasimi,28 May St,1,0,1,cloudy,7.5,0.0,0.0,13.7,92,0,0,21.2,28,1.466,severe
2025-01-01,18,Wednesday,0,1,Nasimi,Azadliq Ave,1,1,1,cloudy,7.5,0.0,0.0,13.7,92,0,0,26.8,23,1.26,high
2025-01-01,18,Wednesday,0,1,Sabail,Neftchilar Ave,1,0,1,cloudy,7.5,0.0,0.0,13.7,92,0,0,30.8,30,1.432,high
2025-01-01,18,Wednesday,0,1,Sabail,Istiglaliyyat St,0,0,1,cloudy,7.5,0.0,0.0,13.7,92,0,0,23.9,26,1.337,high
2025-01-01,18,Wednesday,0,1,Khatai,Babek Ave,1,1,0,cloudy,7.5,0.0,0.0,13.7,92,0,0,24.4,24,1.277,high
2025-01-01,18,Wednesday,0,1,Khatai,Nobel Ave,0,0,0,cloudy,7.5,0.0,0.0,13.7,92,0,0,26.6,27,1.332,high
2025-01-01,18,Wednesday,0,1,Narimanov,Heydar Aliyev Ave,1,1,0,cloudy,7.5,0.0,0.0,13.7,92,0,0,29.4,19,1.149,high
2025-01-01,18,Wednesday,0,1,Narimanov,Ataturk Ave,1,0,1,cloudy,7.5,0.0,0.0,13.7,92,0,0,27.4,19,1.329,high
2025-01-01,18,Wednesday,0,1,Binagadi,Ziya Bunyadov Ave,0,1,0,cloudy,7.5,0.0,0.0,13.7,92,0,0,24.8,24,1.273,high
2025-01-01,18,Wednesday,0,1,Nizami,Qara Qarayev Ave,1,1,1,cloudy,7.5,0.0,0.0,13.7,92,0,0,21.5,22,1.427,high
2025-01-01,18,Wednesday,0,1,Surakhani,Airport Highway,0,0,0,cloudy,7.5,0.0,0.0,13.7,92,0,0,25.9,30,1.354,high
2025-01-01,18,Wednesday,0,1,Garadagh,Baku-Salyan Highway,0,0,0,cloudy,7.5,0.0,0.0,13.7,92,0,0,33.0,11,0.807,medium
2025-01-01,19,Wednesday,0,1,Yasamal,Inshaatchilar Ave,1,0,1,cloudy,7.3,0.0,0.0,11.1,91,0,0,27.8,18,1.439,high
2025-01-01,19,Wednesday,0,1,Yasamal,Tbilisi Ave,1,0,1,cloudy,7.3,0.0,0.0,11.1,91,0,0,18.7,28,1.521,severe
2025-01-01,19,Wednesday,0,1,Nasimi,28 May St,1,0,1,cloudy,7.3,0.0,0.0,11.1,91,0,0,23.9,29,1.467,severe
2025-01-01,19,Wednesday,0,1,Nasimi,Azadliq Ave,1,1,1,cloudy,7.3,0.0,0.0,11.1,91,0,0,17.5,24,1.404,high
2025-01-01,19,Wednesday,0,1,Sabail,Neftchilar Ave,1,0,1,cloudy,7.3,0.0,0.0,11.1,91,0,0,28.3,29,1.428,high
2025-01-01,19,Wednesday,0,1,Sabail,Istiglaliyyat St,0,0,1,cloudy,7.3,0.0,0.0,11.1,91,0,0,21.5,32,1.592,severe
2025-01-01,19,Wednesday,0,1,Khatai,Babek Ave,1,1,0,cloudy,7.3,0.0,0.0,11.1,91,0,0,32.3,30,1.32,high
2025-01-01,19,Wednesday,0,1,Khatai,Nobel Ave,0,0,0,cloudy,7.3,0.0,0.0,11.1,91,0,0,31.5,25,1.259,high
2025-01-01,19,Wednesday,0,1,Narimanov,Heydar Aliyev Ave,1,1,0,cloudy,7.3,0.0,0.0,11.1,91,0,0,22.9,26,1.577,severe
2025-01-01,19,Wednesday,0,1,Narimanov,Ataturk Ave,1,0,1,cloudy,7.3,0.0,0.0,11.1,91,0,0,26.3,28,1.321,high
2025-01-01,19,Wednesday,0,1,Binagadi,Ziya Bunyadov Ave,0,1,0,cloudy,7.3,0.0,0.0,11.1,91,0,0,30.0,25,1.575,severe
2025-01-01,19,Wednesday,0,1,Nizami,Qara Qarayev Ave,1,1,1,cloudy,7.3,0.0,0.0,11.1,91,0,0,34.6,25,1.299,high
2025-01-01,19,Wednesday,0,1,Surakhani,Airport Highway,0,0,0,cloudy,7.3,0.0,0.0,11.1,91,0,0,37.1,23,1.119,high
2025-01-01,19,Wednesday,0,1,Garadagh,Baku-Salyan Highway,0,0,0,cloudy,7.3,0.0,0.0,11.1,91,0,0,36.2,19,1.154,high
2025-01-01,20,Wednesday,0,1,Yasamal,Inshaatchilar Ave,1,0,1,cloudy,6.7,0.0,0.0,9.6,92,0,0,25.2,29,1.482,severe
2025-01-01,20,Wednesday,0,1,Yasamal,Tbilisi Ave,1,0,1,cloudy,6.7,0.0,0.0,9.6,92,0,0,19.0,23,1.497,severe
2025-01-01,20,Wednesday,0,1,Nasimi,28 May St,1,0,1,cloudy,6.7,0.0,0.0,9.6,92,0,0,14.2,34,1.654,severe
2025-01-01,20,Wednesday,0,1,Nasimi,Azadliq Ave,1,1,1,cloudy,6.7,0.0,0.0,9.6,92,0,0,29.6,25,1.223,high
2025-01-01,20,Wednesday,0,1,Sabail,Neftchilar Ave,1,0,1,cloudy,6.7,0.0,0.0,9.6,92,0,0,19.0,22,1.44,high
2025-01-01,20,Wednesday,0,1,Sabail,Istiglaliyyat St,0,0,1,cloudy,6.7,0.0,0.0,9.6,92,0,0,23.7,21,1.289,high
2025-01-01,20,Wednesday,0,1,Khatai,Babek Ave,1,1,0,cloudy,6.7,0.0,0.0,9.6,92,0,0,32.0,21,1.122,high
2025-01-01,20,Wednesday,0,1,Khatai,Nobel Ave,0,0,0,cloudy,6.7,0.0,0.0,9.6,92,0,0,20.4,33,1.695,severe
2025-01-01,20,Wednesday,0,1,Narimanov,Heydar Aliyev Ave,1,1,0,cloudy,6.7,0.0,0.0,9.6,92,0,0,19.9,25,1.426,high
2025-01-01,20,Wednesday,0,1,Narimanov,Ataturk Ave,1,0,1,cloudy,6.7,0.0,0.0,9.6,92,0,0,36.1,20,1.206,high
2025-01-01,20,Wednesday,0,1,Binagadi,Ziya Bunyadov Ave,0,1,0,cloudy,6.7,0.0,0.0,9.6,92,0,0,23.8,18,1.196,high
2025-01-01,20,Wednesday,0,1,Nizami,Qara Qarayev Ave,1,1,1,cloudy,6.7,0.0,0.0,9.6,92,0,0,18.4,30,1.489,severe
2025-01-01,20,Wednesday,0,1,Surakhani,Airport Highway,0,0,0,cloudy,6.7,0.0,0.0,9.6,92,0,0,34.7,18,1.094,high
2025-01-01,20,Wednesday,0,1,Garadagh,Baku-Salyan Highway,0,0,0,cloudy,6.7,0.0,0.0,9.6,92,0,0,29.3,17,1.087,high
2025-01-01,21,Wednesday,0,1,Yasamal,Inshaatchilar Ave,1,0,1,cloudy,6.2,0.0,0.0,5.2,94,0,0,36.2,16,0.82,medium
2025-01-01,21,Wednesday,0,1,Yasamal,Tbilisi Ave,1,0,1,cloudy,6.2,0.0,0.0,5.2,94,0,0,35.6,15,1.159,high
2025-01-01,21,Wednesday,0,1,Nasimi,28 May St,1,0,1,cloudy,6.2,0.0,0.0,5.2,94,0,0,28.7,15,1.081,high
2025-01-01,21,Wednesday,0,1,Nasimi,Azadliq Ave,1,1,1,cloudy,6.2,0.0,0.0,5.2,94,0,0,32.8,20,1.09,high
2025-01-01,21,Wednesday,0,1,Sabail,Neftchilar Ave,1,0,1,cloudy,6.2,0.0,0.0,5.2,94,0,0,31.8,18,1.033,medium
2025-01-01,21,Wednesday,0,1,Sabail,Istiglaliyyat St,0,0,1,cloudy,6.2,0.0,0.0,5.2,94,0,0,34.2,18,0.879,medium
2025-01-01,21,Wednesday,0,1,Khatai,Babek Ave,1,1,0,cloudy,6.2,0.0,0.0,5.2,94,0,0,32.5,20,1.018,medium
2025-01-01,21,Wednesday,0,1,Khatai,Nobel Ave,0,0,0,cloudy,6.2,0.0,0.0,5.2,94,0,0,38.4,16,0.809,medium
2025-01-01,21,Wednesday,0,1,Narimanov,Heydar Aliyev Ave,1,1,0,cloudy,6.2,0.0,0.0,5.2,94,0,0,40.7,17,0.809,medium
2025-01-01,21,Wednesday,0,1,Narimanov,Ataturk Ave,1,0,1,cloudy,6.2,0.0,0.0,5.2,94,0,0,39.7,18,0.982,medium
2025-01-01,21,Wednesday,0,1,Binagadi,Ziya Bunyadov Ave,0,1,0,cloudy,6.2,0.0,0.0,5.2,94,0,0,38.7,12,0.835,medium
2025-01-01,21,Wednesday,0,1,Nizami,Qara Qarayev Ave,1,1,1,cloudy,6.2,0.0,0.0,5.2,94,0,0,40.6,21,0.818,medium
2025-01-01,21,Wednesday,0,1,Surakhani,Airport Highway,0,0,0,cloudy,6.2,0.0,0.0,5.2,94,0,0,32.4,13,0.795,medium
2025-01-01,21,Wednesday,0,1,Garadagh,Baku-Salyan Highway,0,0,0,cloudy,6.2,0.0,0.0,5.2,94,0,0,49.3,5,0.405,low
2025-01-01,22,Wednesday,0,1,Yasamal,Inshaatchilar Ave,1,0,1,cloudy,5.3,0.0,0.0,3.1,97,0,0,40.8,17,0.639,low
2025-01-01,22,Wednesday,0,1,Yasamal,Tbilisi Ave,1,0,1,cloudy,5.3,0.0,0.0,3.1,97,0,0,27.1,28,1.405,high
2025-01-01,22,Wednesday,0,1,Nasimi,28 May St,1,0,1,cloudy,5.3,0.0,0.0,3.1,97,0,0,41.0,20,0.915,medium
2025-01-01,22,Wednesday,0,1,Nasimi,Azadliq Ave,1,1,1,cloudy,5.3,0.0,0.0,3.1,97,0,0,45.9,10,0.627,low
2025-01-01,22,Wednesday,0,1,Sabail,Neftchilar Ave,1,0,1,cloudy,5.3,0.0,0.0,3.1,97,0,0,37.5,22,1.02,medium
2025-01-01,22,Wednesday,0,1,Sabail,Istiglaliyyat St,0,0,1,cloudy,5.3,0.0,0.0,3.1,97,0,0,38.1,9,0.696,medium
2025-01-01,22,Wednesday,0,1,Khatai,Babek Ave,1,1,0,cloudy,5.3,0.0,0.0,3.1,97,0,0,35.6,20,0.879,medium
2025-01-01,22,Wednesday,0,1,Khatai,Nobel Ave,0,0,0,cloudy,5.3,0.0,0.0,3.1,97,0,0,46.7,15,0.596,low
2025-01-01,22,Wednesday,0,1,Narimanov,Heydar Aliyev Ave,1,1,0,cloudy,5.3,0.0,0.0,3.1,97,0,0,38.5,14,0.964,medium
2025-01-01,22,Wednesday,0,1,Narimanov,Ataturk Ave,1,0,1,cloudy,5.3,0.0,0.0,3.1,97,0,0,31.5,21,0.973,medium
2025-01-01,22,Wednesday,0,1,Binagadi,Ziya Bunyadov Ave,0,1,0,cloudy,5.3,0.0,0.0,3.1,97,0,0,42.2,10,0.738,medium
2025-01-01,22,Wednesday,0,1,Nizami,Qara Qarayev Ave,1,1,1,cloudy,5.3,0.0,0.0,3.1,97,0,0,34.8,14,0.825,medium
2025-01-01,22,Wednesday,0,1,Surakhani,Airport Highway,0,0,0,cloudy,5.3,0.0,0.0,3.1,97,0,0,44.6,13,0.804,medium
2025-01-01,22,Wednesday,0,1,Garadagh,Baku-Salyan Highway,0,0,0,cloudy,5.3,0.0,0.0,3.1,97,0,0,45.2,13,0.547,low
2025-01-01,23,Wednesday,0,1,Yasamal,Inshaatchilar Ave,1,0,1,cloudy,6.1,0.0,0.0,1.4,95,0,0,41.8,6,0.447,low
2025-01-01,23,Wednesday,0,1,Yasamal,Tbilisi Ave,1,0,1,cloudy,6.1,0.0,0.0,1.4,95,0,0,51.2,12,0.462,low
2025-01-01,23,Wednesday,0,1,Nasimi,28 May St,1,0,1,cloudy,6.1,0.0,0.0,1.4,95,0,0,43.2,11,0.663,medium
2025-01-01,23,Wednesday,0,1,Nasimi,Azadliq Ave,1,1,1,cloudy,6.1,0.0,0.0,1.4,95,0,0,48.5,13,0.534,low
2025-01-01,23,Wednesday,0,1,Sabail,Neftchilar Ave,1,0,1,cloudy,6.1,0.0,0.0,1.4,95,0,0,42.9,17,0.735,medium
2025-01-01,23,Wednesday,0,1,Sabail,Istiglaliyyat St,0,0,1,cloudy,6.1,0.0,0.0,1.4,95,0,0,40.3,9,0.612,low
2025-01-01,23,Wednesday,0,1,Khatai,Babek Ave,1,1,0,cloudy,6.1,0.0,0.0,1.4,95,0,0,47.0,11,0.438,low
2025-01-01,23,Wednesday,0,1,Khatai,Nobel Ave,0,0,0,cloudy,6.1,0.0,0.0,1.4,95,0,0,52.1,7,0.339,low
2025-01-01,23,Wednesday,0,1,Narimanov,Heydar Aliyev Ave,1,1,0,cloudy,6.1,0.0,0.0,1.4,95,0,0,46.8,2,0.372,low
2025-01-01,23,Wednesday,0,1,Narimanov,Ataturk Ave,1,0,1,cloudy,6.1,0.0,0.0,1.4,95,0,0,43.7,8,0.442,low
2025-01-01,23,Wednesday,0,1,Binagadi,Ziya Bunyadov Ave,0,1,0,cloudy,6.1,0.0,0.0,1.4,95,0,0,45.5,15,0.481,low
2025-01-01,23,Wednesday,0,1,Nizami,Qara Qarayev Ave,1,1,1,cloudy,6.1,0.0,0.0,1.4,95,0,0,41.2,12,0.627,low
2025-01-01,23,Wednesday,0,1,Surakhani,Airport Highway,0,0,0,cloudy,6.1,0.0,0.0,1.4,95,0,0,45.9,7,0.469,low
2025-01-01,23,Wednesday,0,1,Garadagh,Baku-Salyan Highway,0,0,0,cloudy,6.1,0.0,0.0,1.4,95,0,0,40.8,9,0.27,low
2025-01-02,0,Thursday,0,0,Yasamal,Inshaatchilar Ave,1,0,1,cloudy,6.2,0.0,0.0,0.8,93,0,0,37.2,6,0.582,low
2025-01-02,0,Thursday,0,0,Yasamal,Tbilisi Ave,1,0,1,cloudy,6.2,0.0,0.0,0.8,93,0,0,47.3,14,0.677,medium
2025-01-02,0,Thursday,0,0,Nasimi,28 May St,1,0,1,cloudy,6.2,0.0,0.0,0.8,93,0,0,39.2,13,0.62,low
2025-01-02,0,Thursday,0,0,Nasimi,Azadliq Ave,1,1,1,cloudy,6.2,0.0,0.0,0.8,93,0,0,46.8,7,0.358,low
2025-01-02,0,Thursday,0,0,Sabail,Neftchilar Ave,1,0,1,cloudy,6.2,0.0,0.0,0.8,93,0,0,40.5,14,0.685,medium
2025-01-02,0,Thursday,0,0,Sabail,Istiglaliyyat St,0,0,1,cloudy,6.2,0.0,0.0,0.8,93,0,0,44.2,3,0.375,low
2025-01-02,0,Thursday,0,0,Khatai,Babek Ave,1,1,0,cloudy,6.2,0.0,0.0,0.8,93,0,0,52.0,17,0.337,low
2025-01-02,0,Thursday,0,0,Khatai,Nobel Ave,0,0,0,cloudy,6.2,0.0,0.0,0.8,93,0,0,48.1,15,0.451,low
2025-01-02,0,Thursday,0,0,Narimanov,Heydar Aliyev Ave,1,1,0,cloudy,6.2,0.0,0.0,0.8,93,0,0,49.5,3,0.366,low
2025-01-02,0,Thursday,0,0,Narimanov,Ataturk Ave,1,0,1,cloudy,6.2,0.0,0.0,0.8,93,0,0,47.4,8,0.577,low
2025-01-02,0,Thursday,0,0,Binagadi,Ziya Bunyadov Ave,0,1,0,cloudy,6.2,0.0,0.0,0.8,93,0,0,44.8,7,0.431,low
2025-01-02,0,Thursday,0,0,Nizami,Qara Qarayev Ave,1,1,1,cloudy,6.2,0.0,0.0,0.8,93,0,0,49.7,2,0.259,low
2025-01-02,0,Thursday,0,0,Surakhani,Airport Highway,0,0,0,cloudy,6.2,0.0,0.0,0.8,93,0,0,48.2,3,0.401,low
2025-01-02,0,Thursday,0,0,Garadagh,Baku-Salyan Highway,0,0,0,cloudy,6.2,0.0,0.0,0.8,93,0,0,55.1,1,0.138,low
2025-01-02,1,Thursday,0,0,Yasamal,Inshaatchilar Ave,1,0,1,cloudy,6.0,0.0,0.0,1.4,94,0,0,45.2,6,0.607,low
2025-01-02,1,Thursday,0,0,Yasamal,Tbilisi Ave,1,0,1,cloudy,6.0,0.0,0.0,1.4,94,0,0,33.4,19,0.701,medium
2025-01-02,1,Thursday,0,0,Nasimi,28 May St,1,0,1,cloudy,6.0,0.0,0.0,1.4,94,0,0,40.7,18,0.73,medium
2025-01-02,1,Thursday,0,0,Nasimi,Azadliq Ave,1,1,1,cloudy,6.0,0.0,0.0,1.4,94,0,0,49.3,5,0.339,low
2025-01-02,1,Thursday,0,0,Sabail,Neftchilar Ave,1,0,1,cloudy,6.0,0.0,0.0,1.4,94,0,0,41.2,14,0.65,low
2025-01-02,1,Thursday,0,0,Sabail,Istiglaliyyat St,0,0,1,cloudy,6.0,0.0,0.0,1.4,94,0,0,48.5,0,0.389,low
2025-01-02,1,Thursday,0,0,Khatai,Babek Ave,1,1,0,cloudy,6.0,0.0,0.0,1.4,94,0,0,46.0,11,0.342,low
2025-01-02,1,Thursday,0,0,Khatai,Nobel Ave,0,0,0,cloudy,6.0,0.0,0.0,1.4,94,0,0,40.0,9,0.471,low
2025-01-02,1,Thursday,0,0,Narimanov,Heydar Aliyev Ave,1,1,0,cloudy,6.0,0.0,0.0,1.4,94,0,0,47.6,14,0.506,low
2025-01-02,1,Thursday,0,0,Narimanov,Ataturk Ave,1,0,1,cloudy,6.0,0.0,0.0,1.4,94,0,0,40.4,12,0.49,low
2025-01-02,1,Thursday,0,0,Binagadi,Ziya Bunyadov Ave,0,1,0,cloudy,6.0,0.0,0.0,1.4,94,0,0,37.1,11,0.594,low
2025-01-02,1,Thursday,0,0,Nizami,Qara Qarayev Ave,1,1,1,cloudy,6.0,0.0,0.0,1.4,94,0,0,43.2,12,0.437,low
2025-01-02,1,Thursday,0,0,Surakhani,Airport Highway,0,0,0,cloudy,6.0,0.0,0.0,1.4,94,0,0,48.6,0,0.237,low
2025-01-02,1,Thursday,0,0,Garadagh,Baku-Salyan Highway,0,0,0,cloudy,6.0,0.0,0.0,1.4,94,0,0,46.6,6,0.299,low
2025-01-02,2,Thursday,0,0,Yasamal,Inshaatchilar Ave,1,0,1,clear,5.1,0.0,0.0,3.5,96,0,0,53.6,8,0.347,low
2025-01-02,2,Thursday,0,0,Yasamal,Tbilisi Ave,1,0,1,clear,5.1,0.0,0.0,3.5,96,0,0,42.3,11,0.693,medium
2025-01-02,2,Thursday,0,0,Nasimi,28 May St,1,0,1,clear,5.1,0.0,0.0,3.5,96,0,0,40.8,14,0.789,medium
2025-01-02,2,Thursday,0,0,Nasimi,Azadliq Ave,1,1,1,clear,5.1,0.0,0.0,3.5,96,0,0,46.9,0,0.373,low
2025-01-02,2,Thursday,0,0,Sabail,Neftchilar Ave,1,0,1,clear,5.1,0.0,0.0,3.5,96,0,0,47.9,6,0.417,low
2025-01-02,2,Thursday,0,0,Sabail,Istiglaliyyat St,0,0,1,clear,5.1,0.0,0.0,3.5,96,0,0,41.0,13,0.592,low
2025-01-02,2,Thursday,0,0,Khatai,Babek Ave,1,1,0,clear,5.1,0.0,0.0,3.5,96,0,0,35.4,9,0.522,low
2025-01-02,2,Thursday,0,0,Khatai,Nobel Ave,0,0,0,clear,5.1,0.0,0.0,3.5,96,0,0,55.9,9,0.182,low
2025-01-02,2,Thursday,0,0,Narimanov,Heydar Aliyev Ave,1,1,0,clear,5.1,0.0,0.0,3.5,96,0,0,59.1,6,0.16,low
2025-01-02,2,Thursday,0,0,Narimanov,Ataturk Ave,1,0,1,clear,5.1,0.0,0.0,3.5,96,0,0,43.4,17,0.674,medium
2025-01-02,2,Thursday,0,0,Binagadi,Ziya Bunyadov Ave,0,1,0,clear,5.1,0.0,0.0,3.5,96,0,0,45.2,5,0.413,low
2025-01-02,2,Thursday,0,0,Nizami,Qara Qarayev Ave,1,1,1,clear,5.1,0.0,0.0,3.5,96,0,0,43.0,11,0.544,low
2025-01-02,2,Thursday,0,0,Surakhani,Airport Highway,0,0,0,clear,5.1,0.0,0.0,3.5,96,0,0,59.9,4,0.142,low
2025-01-02,2,Thursday,0,0,Garadagh,Baku-Salyan Highway,0,0,0,clear,5.1,0.0,0.0,3.5,96,0,0,57.6,0,0.147,low
2025-01-02,3,Thursday,0,0,Yasamal,Inshaatchilar Ave,1,0,1,cloudy,3.9,0.0,0.0,4.2,95,0,0,40.4,17,0.643,low
2025-01-02,3,Thursday,0,0,Yasamal,Tbilisi Ave,1,0,1,cloudy,3.9,0.0,0.0,4.2,95,0,0,43.0,10,0.552,low
2025-01-02,3,Thursday,0,0,Nasimi,28 May St,1,0,1,cloudy,3.9,0.0,0.0,4.2,95,0,0,38.8,8,0.576,low
2025-01-02,3,Thursday,0,0,Nasimi,Azadliq Ave,1,1,1,cloudy,3.9,0.0,0.0,4.2,95,0,0,49.2,5,0.445,low
2025-01-02,3,Thursday,0,0,Sabail,Neftchilar Ave,1,0,1,cloudy,3.9,0.0,0.0,4.2,95,0,0,59.9,5,0.287,low
2025-01-02,3,Thursday,0,0,Sabail,Istiglaliyyat St,0,0,1,cloudy,3.9,0.0,0.0,4.2,95,0,0,46.6,10,0.614,low
2025-01-02,3,Thursday,0,0,Khatai,Babek Ave,1,1,0,cloudy,3.9,0.0,0.0,4.2,95,0,0,45.5,16,0.374,low
2025-01-02,3,Thursday,0,0,Khatai,Nobel Ave,0,0,0,cloudy,3.9,0.0,0.0,4.2,95,0,0,56.9,12,0.284,low
2025-01-02,3,Thursday,0,0,Narimanov,Heydar Aliyev Ave,1,1,0,cloudy,3.9,0.0,0.0,4.2,95,0,0,36.5,20,0.973,medium
2025-01-02,3,Thursday,0,0,Narimanov,Ataturk Ave,1,0,1,cloudy,3.9,0.0,0.0,4.2,95,0,0,40.7,3,0.529,low
2025-01-02,3,Thursday,0,0,Binagadi,Ziya Bunyadov Ave,0,1,0,cloudy,3.9,0.0,0.0,4.2,95,0,0,43.2,6,0.377,low
2025-01-02,3,Thursday,0,0,Nizami,Qara Qarayev Ave,1,1,1,cloudy,3.9,0.0,0.0,4.2,95,0,0,40.6,8,0.564,low
2025-01-02,3,Thursday,0,0,Surakhani,Airport Highway,0,0,0,cloudy,3.9,0.0,0.0,4.2,95,0,0,53.7,11,0.285,low
2025-01-02,3,Thursday,0,0,Garadagh,Baku-Salyan Highway,0,0,0,cloudy,3.9,0.0,0.0,4.2,95,0,0,51.4,0,0.022,low
2025-01-02,4,Thursday,0,0,Yasamal,Inshaatchilar Ave,1,0,1,clear,3.9,0.0,0.0,5.5,92,0,0,43.1,8,0.482,low
2025-01-02,4,Thursday,0,0,Yasamal,Tbilisi Ave,1,0,1,clear,3.9,0.0,0.0,5.5,92,0,0,38.4,14,0.642,low
2025-01-02,4,Thursday,0,0,Nasimi,28 May St,1,0,1,clear,3.9,0.0,0.0,5.5,92,0,0,56.1,6,0.534,low
2025-01-02,4,Thursday,0,0,Nasimi,Azadliq Ave,1,1,1,clear,3.9,0.0,0.0,5.5,92,0,0,49.5,3,0.388,low
2025-01-02,4,Thursday,0,0,Sabail,Neftchilar Ave,1,0,1,clear,3.9,0.0,0.0,5.5,92,0,0,49.1,11,0.672,medium
2025-01-02,4,Thursday,0,0,Sabail,Istiglaliyyat St,0,0,1,clear,3.9,0.0,0.0,5.5,92,0,0,44.1,9,0.494,low
2025-01-02,4,Thursday,0,0,Khatai,Babek Ave,1,1,0,clear,3.9,0.0,0.0,5.5,92,0,0,48.3,6,0.555,low
2025-01-02,4,Thursday,0,0,Khatai,Nobel Ave,0,0,0,clear,3.9,0.0,0.0,5.5,92,0,0,48.5,13,0.589,low
2025-01-02,4,Thursday,0,0,Narimanov,Heydar Aliyev Ave,1,1,0,clear,3.9,0.0,0.0,5.5,92,0,0,49.0,4,0.384,low
2025-01-02,4,Thursday,0,0,Narimanov,Ataturk Ave,1,0,1,clear,3.9,0.0,0.0,5.5,92,0,0,43.3,1,0.559,low
2025-01-02,4,Thursday,0,0,Binagadi,Ziya Bunyadov Ave,0,1,0,clear,3.9,0.0,0.0,5.5,92,0,0,45.7,14,0.544,low
2025-01-02,4,Thursday,0,0,Nizami,Qara Qarayev Ave,1,1,1,clear,3.9,0.0,0.0,5.5,92,0,0,48.3,12,0.437,low
2025-01-02,4,Thursday,0,0,Surakhani,Airport Highway,0,0,0,clear,3.9,0.0,0.0,5.5,92,0,0,50.0,20,0.38,low
2025-01-02,4,Thursday,0,0,Garadagh,Baku-Salyan Highway,0,0,0,clear,3.9,0.0,0.0,5.5,92,0,0,54.1,10,0.193,low
2025-01-02,5,Thursday,0,0,Yasamal,Inshaatchilar Ave,1,0,1,clear,3.7,0.0,0.0,6.4,83,0,0,44.0,6,0.593,low
2025-01-02,5,Thursday,0,0,Yasamal,Tbilisi Ave,1,0,1,clear,3.7,0.0,0.0,6.4,83,0,0,42.6,10,0.403,low
2025-01-02,5,Thursday,0,0,Nasimi,28 May St,1,0,1,clear,3.7,0.0,0.0,6.4,83,0,0,48.0,19,0.648,low
2025-01-02,5,Thursday,0,0,Nasimi,Azadliq Ave,1,1,1,clear,3.7,0.0,0.0,6.4,83,0,0,46.0,8,0.391,low
2025-01-02,5,Thursday,0,0,Sabail,Neftchilar Ave,1,0,1,clear,3.7,0.0,0.0,6.4,83,0,0,48.3,11,0.491,low
2025-01-02,5,Thursday,0,0,Sabail,Istiglaliyyat St,0,0,1,clear,3.7,0.0,0.0,6.4,83,0,0,44.8,14,0.371,low
2025-01-02,5,Thursday,0,0,Khatai,Babek Ave,1,1,0,clear,3.7,0.0,0.0,6.4,83,0,0,41.6,9,0.476,low
2025-01-02,5,Thursday,0,0,Khatai,Nobel Ave,0,0,0,clear,3.7,0.0,0.0,6.4,83,0,0,46.9,5,0.302,low
2025-01-02,5,Thursday,0,0,Narimanov,Heydar Aliyev Ave,1,1,0,clear,3.7,0.0,0.0,6.4,83,0,0,52.8,7,0.371,low
2025-01-02,5,Thursday,0,0,Narimanov,Ataturk Ave,1,0,1,clear,3.7,0.0,0.0,6.4,83,0,0,46.4,6,0.439,low
2025-01-02,5,Thursday,0,0,Binagadi,Ziya Bunyadov Ave,0,1,0,clear,3.7,0.0,0.0,6.4,83,0,0,44.2,13,0.311,low
2025-01-02,5,Thursday,0,0,Nizami,Qara Qarayev Ave,1,1,1,clear,3.7,0.0,0.0,6.4,83,0,0,49.9,4,0.256,low
2025-01-02,5,Thursday,0,0,Surakhani,Airport Highway,0,0,0,clear,3.7,0.0,0.0,6.4,83,0,0,50.7,5,0.337,low
2025-01-02,5,Thursday,0,0,Garadagh,Baku-Salyan Highway,0,0,0,clear,3.7,0.0,0.0,6.4,83,0,0,57.4,2,0.13,low
2025-01-02,6,Thursday,0,0,Yasamal,Inshaatchilar Ave,1,0,1,clear,3.9,0.0,0.0,6.9,79,0,0,34.9,19,0.811,medium
2025-01-02,6,Thursday,0,0,Yasamal,Tbilisi Ave,1,0,1,clear,3.9,0.0,0.0,6.9,79,0,0,36.3,15,0.943,medium
2025-01-02,6,Thursday,0,0,Nasimi,28 May St,1,0,1,clear,3.9,0.0,0.0,6.9,79,0,0,30.4,15,0.966,medium
2025-01-02,6,Thursday,0,0,Nasimi,Azadliq Ave,1,1,1,clear,3.9,0.0,0.0,6.9,79,0,0,43.4,10,0.632,low
2025-01-02,6,Thursday,0,0,Sabail,Neftchilar Ave,1,0,1,clear,3.9,0.0,0.0,6.9,79,0,0,32.0,16,0.903,medium
2025-01-02,6,Thursday,0,0,Sabail,Istiglaliyyat St,0,0,1,clear,3.9,0.0,0.0,6.9,79,0,0,38.8,16,0.816,medium
2025-01-02,6,Thursday,0,0,Khatai,Babek Ave,1,1,0,clear,3.9,0.0,0.0,6.9,79,0,0,36.3,20,0.823,medium
2025-01-02,6,Thursday,0,0,Khatai,Nobel Ave,0,0,0,clear,3.9,0.0,0.0,6.9,79,0,0,41.0,19,0.701,medium
2025-01-02,6,Thursday,0,0,Narimanov,Heydar Aliyev Ave,1,1,0,clear,3.9,0.0,0.0,6.9,79,0,0,42.0,16,0.812,medium
2025-01-02,6,Thursday,0,0,Narimanov,Ataturk Ave,1,0,1,clear,3.9,0.0,0.0,6.9,79,0,0,43.2,12,0.575,low
2025-01-02,6,Thursday,0,0,Binagadi,Ziya Bunyadov Ave,0,1,0,clear,3.9,0.0,0.0,6.9,79,0,0,50.5,10,0.571,low
2025-01-02,6,Thursday,0,0,Nizami,Qara Qarayev Ave,1,1,1,clear,3.9,0.0,0.0,6.9,79,0,0,37.7,16,0.507,low
2025-01-02,6,Thursday,0,0,Surakhani,Airport Highway,0,0,0,clear,3.9,0.0,0.0,6.9,79,0,0,46.1,13,0.501,low
2025-01-02,6,Thursday,0,0,Garadagh,Baku-Salyan Highway,0,0,0,clear,3.9,0.0,0.0,6.9,79,0,0,49.1,2,0.455,low
2025-01-02,7,Thursday,0,0,Yasamal,Inshaatchilar Ave,1,0,1,clear,4.3,0.0,0.0,9.4,77,0,0,27.0,24,1.411,high
2025-01-02,7,Thursday,0,0,Yasamal,Tbilisi Ave,1,0,1,clear,4.3,0.0,0.0,9.4,77,0,0,16.8,30,1.489,severe
2025-01-02,7,Thursday,0,0,Nasimi,28 May St,1,0,1,clear,4.3,0.0,0.0,9.4,77,0,0,26.4,27,1.355,high
2025-01-02,7,Thursday,0,0,Nasimi,Azadliq Ave,1,1,1,clear,4.3,0.0,0.0,9.4,77,0,0,33.7,21,1.145,high
2025-01-02,7,Thursday,0,0,Sabail,Neftchilar Ave,1,0,1,clear,4.3,0.0,0.0,9.4,77,0,0,18.2,34,1.606,severe
2025-01-02,7,Thursday,0,0,Sabail,Istiglaliyyat St,0,0,1,clear,4.3,0.0,0.0,9.4,77,0,0,22.2,29,1.294,high
2025-01-02,7,Thursday,0,0,Khatai,Babek Ave,1,1,0,clear,4.3,0.0,0.0,9.4,77,0,0,25.1,21,0.999,medium
2025-01-02,7,Thursday,0,0,Khatai,Nobel Ave,0,0,0,clear,4.3,0.0,0.0,9.4,77,0,0,27.6,22,1.275,high
2025-01-02,7,Thursday,0,0,Narimanov,Heydar Aliyev Ave,1,1,0,clear,4.3,0.0,0.0,9.4,77,0,0,27.3,23,1.396,high
2025-01-02,7,Thursday,0,0,Narimanov,Ataturk Ave,1,0,1,clear,4.3,0.0,0.0,9.4,77,0,0,21.0,22,1.334,high
2025-01-02,7,Thursday,0,0,Binagadi,Ziya Bunyadov Ave,0,1,0,clear,4.3,0.0,0.0,9.4,77,0,0,24.0,14,1.05,high
2025-01-02,7,Thursday,0,0,Nizami,Qara Qarayev Ave,1,1,1,clear,4.3,0.0,0.0,9.4,77,0,0,21.4,22,1.343,high
2025-01-02,7,Thursday,0,0,Surakhani,Airport Highway,0,0,0,clear,4.3,0.0,0.0,9.4,77,0,0,39.0,17,0.937,medium
2025-01-02,7,Thursday,0,0,Garadagh,Baku-Salyan Highway,0,0,0,clear,4.3,0.0,0.0,9.4,77,0,0,33.2,14,1.015,medium
2025-01-02,8,Thursday,0,0,Yasamal,Inshaatchilar Ave,1,0,1,clear,4.4,0.0,0.0,9.4,77,0,0,32.3,18,1.293,high
2025-01-02,8,Thursday,0,0,Yasamal,Tbilisi Ave,1,0,1,clear,4.4,0.0,0.0,9.4,77,0,0,36.4,19,0.927,medium
2025-01-02,8,Thursday,0,0,Nasimi,28 May St,1,0,1,clear,4.4,0.0,0.0,9.4,77,0,0,24.5,23,1.442,high
2025-01-02,8,Thursday,0,0,Nasimi,Azadliq Ave,1,1,1,clear,4.4,0.0,0.0,9.4,77,0,0,42.1,5,0.825,medium
2025-01-02,8,Thursday,0,0,Sabail,Neftchilar Ave,1,0,1,clear,4.4,0.0,0.0,9.4,77,0,0,21.6,26,1.494,severe
2025-01-02,8,Thursday,0,0,Sabail,Istiglaliyyat St,0,0,1,clear,4.4,0.0,0.0,9.4,77,0,0,31.5,23,1.07,high
2025-01-02,8,Thursday,0,0,Khatai,Babek Ave,1,1,0,clear,4.4,0.0,0.0,9.4,77,0,0,33.7,21,1.23,high
2025-01-02,8,Thursday,0,0,Khatai,Nobel Ave,0,0,0,clear,4.4,0.0,0.0,9.4,77,0,0,30.3,22,1.076,high
2025-01-02,8,Thursday,0,0,Narimanov,Heydar Aliyev Ave,1,1,0,clear,4.4,0.0,0.0,9.4,77,0,0,23.3,26,1.418,high
2025-01-02,8,Thursday,0,0,Narimanov,Ataturk Ave,1,0,1,clear,4.4,0.0,0.0,9.4,77,0,0,21.4,29,1.386,high
2025-01-02,8,Thursday,0,0,Binagadi,Ziya Bunyadov Ave,0,1,0,clear,4.4,0.0,0.0,9.4,77,0,0,40.1,21,0.841,medium
2025-01-02,8,Thursday,0,0,Nizami,Qara Qarayev Ave,1,1,1,clear,4.4,0.0,0.0,9.4,77,0,0,28.6,26,1.378,high
2025-01-02,8,Thursday,0,0,Surakhani,Airport Highway,0,0,0,clear,4.4,0.0,0.0,9.4,77,0,0,28.4,15,1.048,medium
2025-01-02,8,Thursday,0,0,Garadagh,Baku-Salyan Highway,0,0,0,clear,4.4,0.0,0.0,9.4,77,0,0,31.6,17,1.022,medium
2025-01-02,9,Thursday,0,0,Yasamal,Inshaatchilar Ave,1,0,1,clear,5.3,0.0,0.0,12.4,78,0,0,26.6,26,1.226,high
2025-01-02,9,Thursday,0,0,Yasamal,Tbilisi Ave,1,0,1,clear,5.3,0.0,0.0,12.4,78,0,0,27.3,23,1.328,high
2025-01-02,9,Thursday,0,0,Nasimi,28 May St,1,0,1,clear,5.3,0.0,0.0,12.4,78,0,0,25.0,28,1.444,high
2025-01-02,9,Thursday,0,0,Nasimi,Azadliq Ave,1,1,1,clear,5.3,0.0,0.0,12.4,78,0,0,25.0,20,1.335,high
2025-01-02,9,Thursday,0,0,Sabail,Neftchilar Ave,1,0,1,clear,5.3,0.0,0.0,12.4,78,0,0,17.2,30,1.572,severe
2025-01-02,9,Thursday,0,0,Sabail,Istiglaliyyat St,0,0,1,clear,5.3,0.0,0.0,12.4,78,0,0,26.8,17,1.159,high
2025-01-02,9,Thursday,0,0,Khatai,Babek Ave,1,1,0,clear,5.3,0.0,0.0,12.4,78,0,0,31.2,17,1.216,high
2025-01-02,9,Thursday,0,0,Khatai,Nobel Ave,0,0,0,clear,5.3,0.0,0.0,12.4,78,0,0,35.4,29,1.135,high
2025-01-02,9,Thursday,0,0,Narimanov,Heydar Aliyev Ave,1,1,0,clear,5.3,0.0,0.0,12.4,78,0,0,31.1,23,1.324,high
2025-01-02,9,Thursday,0,0,Narimanov,Ataturk Ave,1,0,1,clear,5.3,0.0,0.0,12.4,78,0,0,34.3,16,1.104,high
2025-01-02,9,Thursday,0,0,Binagadi,Ziya Bunyadov Ave,0,1,0,clear,5.3,0.0,0.0,12.4,78,0,0,28.2,27,1.208,high
2025-01-02,9,Thursday,0,0,Nizami,Qara Qarayev Ave,1,1,1,clear,5.3,0.0,0.0,12.4,78,0,0,22.5,20,1.263,high
2025-01-02,9,Thursday,0,0,Surakhani,Airport Highway,0,0,0,clear,5.3,0.0,0.0,12.4,78,0,0,27.3,17,1.108,high
2025-01-02,9,Thursday,0,0,Garadagh,Baku-Salyan Highway,0,0,0,clear,5.3,0.0,0.0,12.4,78,0,0,34.9,13,0.866,medium
2025-01-02,10,Thursday,0,0,Yasamal,Inshaatchilar Ave,1,0,1,clear,7.0,0.0,0.0,14.5,75,0,0,26.8,20,1.325,high
2025-01-02,10,Thursday,0,0,Yasamal,Tbilisi Ave,1,0,1,clear,7.0,0.0,0.0,14.5,75,0,0,25.5,31,1.418,high
2025-01-02,10,Thursday,0,0,Nasimi,28 May St,1,0,1,clear,7.0,0.0,0.0,14.5,75,0,0,31.9,23,1.334,high
2025-01-02,10,Thursday,0,0,Nasimi,Azadliq Ave,1,1,1,clear,7.0,0.0,0.0,14.5,75,0,0,35.6,18,1.02,medium
2025-01-02,10,Thursday,0,0,Sabail,Neftchilar Ave,1,0,1,clear,7.0,0.0,0.0,14.5,75,0,0,31.9,20,1.241,high
2025-01-02,10,Thursday,0,0,Sabail,Istiglaliyyat St,0,0,1,clear,7.0,0.0,0.0,14.5,75,0,0,24.8,28,1.369,high
2025-01-02,10,Thursday,0,0,Khatai,Babek Ave,1,1,0,clear,7.0,0.0,0.0,14.5,75,0,0,30.2,18,1.239,high
2025-01-02,10,Thursday,0,0,Khatai,Nobel Ave,0,0,0,clear,7.0,0.0,0.0,14.5,75,0,0,27.2,31,1.287,high
2025-01-02,10,Thursday,0,0,Narimanov,Heydar Aliyev Ave,1,1,0,clear,7.0,0.0,0.0,14.5,75,0,0,29.9,20,1.294,high
2025-01-02,10,Thursday,0,0,Narimanov,Ataturk Ave,1,0,1,clear,7.0,0.0,0.0,14.5,75,0,0,28.9,17,1.228,high
2025-01-02,10,Thursday,0,0,Binagadi,Ziya Bunyadov Ave,0,1,0,clear,7.0,0.0,0.0,14.5,75,0,0,32.0,19,1.067,high
2025-01-02,10,Thursday,0,0,Nizami,Qara Qarayev Ave,1,1,1,clear,7.0,0.0,0.0,14.5,75,0,0,32.4,21,1.251,high
2025-01-02,10,Thursday,0,0,Surakhani,Airport Highway,0,0,0,clear,7.0,0.0,0.0,14.5,75,0,0,28.9,21,1.189,high
2025-01-02,10,Thursday,0,0,Garadagh,Baku-Salyan Highway,0,0,0,clear,7.0,0.0,0.0,14.5,75,0,0,25.3,19,1.018,medium
2025-01-02,11,Thursday,0,0,Yasamal,Inshaatchilar Ave,1,0,1,clear,8.4,0.0,0.0,14.6,75,0,0,29.4,19,1.011,medium
2025-01-02,11,Thursday,0,0,Yasamal,Tbilisi Ave,1,0,1,clear,8.4,0.0,0.0,14.6,75,0,0,33.8,18,0.833,medium
2025-01-02,11,Thursday,0,0,Nasimi,28 May St,1,0,1,clear,8.4,0.0,0.0,14.6,75,0,0,37.8,23,1.04,medium
2025-01-02,11,Thursday,0,0,Nasimi,Azadliq Ave,1,1,1,clear,8.4,0.0,0.0,14.6,75,0,0,36.7,13,0.901,medium
2025-01-02,11,Thursday,0,0,Sabail,Neftchilar Ave,1,0,1,clear,8.4,0.0,0.0,14.6,75,0,0,31.0,28,1.108,high
2025-01-02,11,Thursday,0,0,Sabail,Istiglaliyyat St,0,0,1,clear,8.4,0.0,0.0,14.6,75,0,0,27.2,23,1.049,medium
2025-01-02,11,Thursday,0,0,Khatai,Babek Ave,1,1,0,clear,8.4,0.0,0.0,14.6,75,0,0,51.9,11,0.587,low
2025-01-02,11,Thursday,0,0,Khatai,Nobel Ave,0,0,0,clear,8.4,0.0,0.0,14.6,75,0,0,37.0,12,0.678,medium
2025-01-02,11,Thursday,0,0,Narimanov,Heydar Aliyev Ave,1,1,0,clear,8.4,0.0,0.0,14.6,75,0,0,37.5,14,0.88,medium
2025-01-02,11,Thursday,0,0,Narimanov,Ataturk Ave,1,0,1,clear,8.4,0.0,0.0,14.6,75,0,0,29.3,19,0.975,medium
2025-01-02,11,Thursday,0,0,Binagadi,Ziya Bunyadov Ave,0,1,0,clear,8.4,0.0,0.0,14.6,75,0,0,41.3,10,0.681,medium
2025-01-02,11,Thursday,0,0,Nizami,Qara Qarayev Ave,1,1,1,clear,8.4,0.0,0.0,14.6,75,0,0,46.3,13,0.761,medium
2025-01-02,11,Thursday,0,0,Surakhani,Airport Highway,0,0,0,clear,8.4,0.0,0.0,14.6,75,0,0,45.7,14,0.655,medium
2025-01-02,11,Thursday,0,0,Garadagh,Baku-Salyan Highway,0,0,0,clear,8.4,0.0,0.0,14.6,75,0,0,46.6,5,0.437,low
2025-01-02,12,Thursday,0,0,Yasamal,Inshaatchilar Ave,1,0,1,clear,9.2,0.0,0.0,16.7,71,0,0,29.4,16,0.936,medium
2025-01-02,12,Thursday,0,0,Yasamal,Tbilisi Ave,1,0,1,clear,9.2,0.0,0.0,16.7,71,0,0,25.3,18,0.934,medium
2025-01-02,12,Thursday,0,0,Nasimi,28 May St,1,0,1,clear,9.2,0.0,0.0,16.7,71,0,0,26.2,13,1.043,medium
2025-01-02,12,Thursday,0,0,Nasimi,Azadliq Ave,1,1,1,clear,9.2,0.0,0.0,16.7,71,0,0,37.6,12,0.76,medium
2025-01-02,12,Thursday,0,0,Sabail,Neftchilar Ave,1,0,1,clear,9.2,0.0,0.0,16.7,71,0,0,34.2,16,0.825,medium
2025-01-02,12,Thursday,0,0,Sabail,Istiglaliyyat St,0,0,1,clear,9.2,0.0,0.0,16.7,71,0,0,38.8,13,0.783,medium
2025-01-02,12,Thursday,0,0,Khatai,Babek Ave,1,1,0,clear,9.2,0.0,0.0,16.7,71,0,0,38.1,18,0.805,medium
2025-01-02,12,Thursday,0,0,Khatai,Nobel Ave,0,0,0,clear,9.2,0.0,0.0,16.7,71,0,0,42.8,19,0.783,medium
2025-01-02,12,Thursday,0,0,Narimanov,Heydar Aliyev Ave,1,1,0,clear,9.2,0.0,0.0,16.7,71,0,0,46.0,19,0.655,medium
2025-01-02,12,Thursday,0,0,Narimanov,Ataturk Ave,1,0,1,clear,9.2,0.0,0.0,16.7,71,0,0,39.8,12,0.753,medium
2025-01-02,12,Thursday,0,0,Binagadi,Ziya Bunyadov Ave,0,1,0,clear,9.2,0.0,0.0,16.7,71,0,0,39.6,13,0.853,medium
2025-01-02,12,Thursday,0,0,Nizami,Qara Qarayev Ave,1,1,1,clear,9.2,0.0,0.0,16.7,71,0,0,31.1,17,0.978,medium
2025-01-02,12,Thursday,0,0,Surakhani,Airport Highway,0,0,0,clear,9.2,0.0,0.0,16.7,71,0,0,46.1,13,0.823,medium
2025-01-02,12,Thursday,0,0,Garadagh,Baku-Salyan Highway,0,0,0,clear,9.2,0.0,0.0,16.7,71,0,0,42.7,6,0.674,medium
2025-01-02,13,Thursday,0,0,Yasamal,Inshaatchilar Ave,1,0,1,clear,9.7,0.0,0.0,17.4,65,0,0,37.7,18,0.804,medium
2025-01-02,13,Thursday,0,0,Yasamal,Tbilisi Ave,1,0,1,clear,9.7,0.0,0.0,17.4,65,0,0,34.6,20,0.947,medium
2025-01-02,13,Thursday,0,0,Nasimi,28 May St,1,0,1,clear,9.7,0.0,0.0,17.4,65,0,0,31.2,12,0.975,medium
2025-01-02,13,Thursday,0,0,Nasimi,Azadliq Ave,1,1,1,clear,9.7,0.0,0.0,17.4,65,0,0,32.9,16,1.082,high
2025-01-02,13,Thursday,0,0,Sabail,Neftchilar Ave,1,0,1,clear,9.7,0.0,0.0,17.4,65,0,0,36.4,11,1.074,high
2025-01-02,13,Thursday,0,0,Sabail,Istiglaliyyat St,0,0,1,clear,9.7,0.0,0.0,17.4,65,0,0,36.3,10,1.075,high
2025-01-02,13,Thursday,0,0,Khatai,Babek Ave,1,1,0,clear,9.7,0.0,0.0,17.4,65,0,0,36.0,13,0.788,medium
2025-01-02,13,Thursday,0,0,Khatai,Nobel Ave,0,0,0,clear,9.7,0.0,0.0,17.4,65,0,0,32.5,21,0.959,medium
2025-01-02,13,Thursday,0,0,Narimanov,Heydar Aliyev Ave,1,1,0,clear,9.7,0.0,0.0,17.4,65,0,0,42.7,16,0.829,medium
2025-01-02,13,Thursday,0,0,Narimanov,Ataturk Ave,1,0,1,clear,9.7,0.0,0.0,17.4,65,0,0,39.2,16,1.017,medium
2025-01-02,13,Thursday,0,0,Binagadi,Ziya Bunyadov Ave,0,1,0,clear,9.7,0.0,0.0,17.4,65,0,0,40.3,14,0.912,medium
2025-01-02,13,Thursday,0,0,Nizami,Qara Qarayev Ave,1,1,1,clear,9.7,0.0,0.0,17.4,65,0,0,37.0,10,0.778,medium
2025-01-02,13,Thursday,0,0,Surakhani,Airport Highway,0,0,0,clear,9.7,0.0,0.0,17.4,65,0,0,40.7,7,0.679,medium
2025-01-02,13,Thursday,0,0,Garadagh,Baku-Salyan Highway,0,0,0,clear,9.7,0.0,0.0,17.4,65,0,0,47.1,16,0.683,medium
2025-01-02,14,Thursday,0,0,Yasamal,Inshaatchilar Ave,1,0,1,clear,9.9,0.0,0.0,16.7,66,0,0,39.2,18,0.801,medium
2025-01-02,14,Thursday,0,0,Yasamal,Tbilisi Ave,1,0,1,clear,9.9,0.0,0.0,16.7,66,0,0,30.2,10,0.936,medium
2025-01-02,14,Thursday,0,0,Nasimi,28 May St,1,0,1,clear,9.9,0.0,0.0,16.7,66,0,0,33.6,14,1.133,high
2025-01-02,14,Thursday,0,0,Nasimi,Azadliq Ave,1,1,1,clear,9.9,0.0,0.0,16.7,66,0,0,46.8,11,0.808,medium
2025-01-02,14,Thursday,0,0,Sabail,Neftchilar Ave,1,0,1,clear,9.9,0.0,0.0,16.7,66,0,0,40.1,23,1.053,high
2025-01-02,14,Thursday,0,0,Sabail,Istiglaliyyat St,0,0,1,clear,9.9,0.0,0.0,16.7,66,0,0,36.1,19,1.081,high
2025-01-02,14,Thursday,0,0,Khatai,Babek Ave,1,1,0,clear,9.9,0.0,0.0,16.7,66,0,0,47.0,17,0.468,low
2025-01-02,14,Thursday,0,0,Khatai,Nobel Ave,0,0,0,clear,9.9,0.0,0.0,16.7,66,0,0,41.5,12,0.706,medium
2025-01-02,14,Thursday,0,0,Narimanov,Heydar Aliyev Ave,1,1,0,clear,9.9,0.0,0.0,16.7,66,0,0,38.5,17,0.778,medium
2025-01-02,14,Thursday,0,0,Narimanov,Ataturk Ave,1,0,1,clear,9.9,0.0,0.0,16.7,66,0,0,42.4,15,0.86,medium
2025-01-02,14,Thursday,0,0,Binagadi,Ziya Bunyadov Ave,0,1,0,clear,9.9,0.0,0.0,16.7,66,0,0,46.0,12,0.517,low
2025-01-02,14,Thursday,0,0,Nizami,Qara Qarayev Ave,1,1,1,clear,9.9,0.0,0.0,16.7,66,0,0,41.6,15,0.712,medium
2025-01-02,14,Thursday,0,0,Surakhani,Airport Highway,0,0,0,clear,9.9,0.0,0.0,16.7,66,0,0,43.3,14,0.77,medium
2025-01-02,14,Thursday,0,0,Garadagh,Baku-Salyan Highway,0,0,0,clear,9.9,0.0,0.0,16.7,66,0,0,41.6,5,0.657,medium
2025-01-02,15,Thursday,0,0,Yasamal,Inshaatchilar Ave,1,0,1,clear,9.9,0.0,0.0,15.0,70,0,0,40.0,16,0.669,medium
2025-01-02,15,Thursday,0,0,Yasamal,Tbilisi Ave,1,0,1,clear,9.9,0.0,0.0,15.0,70,0,0,34.9,13,1.23,high
2025-01-02,15,Thursday,0,0,Nasimi,28 May St,1,0,1,clear,9.9,0.0,0.0,15.0,70,0,0,37.2,19,1.03,medium
2025-01-02,15,Thursday,0,0,Nasimi,Azadliq Ave,1,1,1,clear,9.9,0.0,0.0,15.0,70,0,0,41.0,11,0.751,medium
2025-01-02,15,Thursday,0,0,Sabail,Neftchilar Ave,1,0,1,clear,9.9,0.0,0.0,15.0,70,0,0,29.5,18,1.069,high
2025-01-02,15,Thursday,0,0,Sabail,Istiglaliyyat St,0,0,1,clear,9.9,0.0,0.0,15.0,70,0,0,41.7,12,0.774,medium
2025-01-02,15,Thursday,0,0,Khatai,Babek Ave,1,1,0,clear,9.9,0.0,0.0,15.0,70,0,0,46.3,16,0.623,low
2025-01-02,15,Thursday,0,0,Khatai,Nobel Ave,0,0,0,clear,9.9,0.0,0.0,15.0,70,0,0,30.5,18,0.982,medium
2025-01-02,15,Thursday,0,0,Narimanov,Heydar Aliyev Ave,1,1,0,clear,9.9,0.0,0.0,15.0,70,0,0,36.6,4,0.638,low
2025-01-02,15,Thursday,0,0,Narimanov,Ataturk Ave,1,0,1,clear,9.9,0.0,0.0,15.0,70,0,0,40.8,19,0.803,medium
2025-01-02,15,Thursday,0,0,Binagadi,Ziya Bunyadov Ave,0,1,0,clear,9.9,0.0,0.0,15.0,70,0,0,28.4,17,0.754,medium
2025-01-02,15,Thursday,0,0,Nizami,Qara Qarayev Ave,1,1,1,clear,9.9,0.0,0.0,15.0,70,0,0,46.1,18,0.679,medium
2025-01-02,15,Thursday,0,0,Surakhani,Airport Highway,0,0,0,clear,9.9,0.0,0.0,15.0,70,0,0,46.4,3,0.585,low
2025-01-02,15,Thursday,0,0,Garadagh,Baku-Salyan Highway,0,0,0,clear,9.9,0.0,0.0,15.0,70,0,0,38.0,5,0.583,low
2025-01-02,16,Thursday,0,0,Yasamal,Inshaatchilar Ave,1,0,1,clear,9.6,0.0,0.0,13.8,73,0,0,37.7,15,0.936,medium
2025-01-02,16,Thursday,0,0,Yasamal,Tbilisi Ave,1,0,1,clear,9.6,0.0,0.0,13.8,73,0,0,36.5,18,0.873,medium
2025-01-02,16,Thursday,0,0,Nasimi,28 May St,1,0,1,clear,9.6,0.0,0.0,13.8,73,0,0,34.2,10,0.88,medium
2025-01-02,16,Thursday,0,0,Nasimi,Azadliq Ave,1,1,1,clear,9.6,0.0,0.0,13.8,73,0,0,44.8,9,0.577,low
2025-01-02,16,Thursday,0,0,Sabail,Neftchilar Ave,1,0,1,clear,9.6,0.0,0.0,13.8,73,0,0,38.3,20,0.936,medium
2025-01-02,16,Thursday,0,0,Sabail,Istiglaliyyat St,0,0,1,clear,9.6,0.0,0.0,13.8,73,0,0,39.6,11,0.682,medium
2025-01-02,16,Thursday,0,0,Khatai,Babek Ave,1,1,0,clear,9.6,0.0,0.0,13.8,73,0,0,45.6,12,0.642,low
2025-01-02,16,Thursday,0,0,Khatai,Nobel Ave,0,0,0,clear,9.6,0.0,0.0,13.8,73,0,0,38.0,19,0.837,medium
2025-01-02,16,Thursday,0,0,Narimanov,Heydar Aliyev Ave,1,1,0,clear,9.6,0.0,0.0,13.8,73,0,0,35.6,11,0.869,medium
2025-01-02,16,Thursday,0,0,Narimanov,Ataturk Ave,1,0,1,clear,9.6,0.0,0.0,13.8,73,0,0,35.0,24,1.089,high
2025-01-02,16,Thursday,0,0,Binagadi,Ziya Bunyadov Ave,0,1,0,clear,9.6,0.0,0.0,13.8,73,0,0,38.9,16,0.771,medium
2025-01-02,16,Thursday,0,0,Nizami,Qara Qarayev Ave,1,1,1,clear,9.6,0.0,0.0,13.8,73,0,0,40.3,15,0.916,medium
2025-01-02,16,Thursday,0,0,Surakhani,Airport Highway,0,0,0,clear,9.6,0.0,0.0,13.8,73,0,0,43.0,13,0.376,low
2025-01-02,16,Thursday,0,0,Garadagh,Baku-Salyan Highway,0,0,0,clear,9.6,0.0,0.0,13.8,73,0,0,53.4,4,0.309,low
2025-01-02,17,Thursday,0,0,Yasamal,Inshaatchilar Ave,1,0,1,clear,9.5,0.0,0.0,17.0,67,0,0,25.9,24,1.271,high
2025-01-02,17,Thursday,0,0,Yasamal,Tbilisi Ave,1,0,1,clear,9.5,0.0,0.0,17.0,67,0,0,17.0,30,1.668,severe
2025-01-02,17,Thursday,0,0,Nasimi,28 May St,1,0,1,clear,9.5,0.0,0.0,17.0,67,0,0,24.2,22,1.15,high
2025-01-02,17,Thursday,0,0,Nasimi,Azadliq Ave,1,1,1,clear,9.5,0.0,0.0,17.0,67,0,0,30.3,23,1.228,high
2025-01-02,17,Thursday,0,0,Sabail,Neftchilar Ave,1,0,1,clear,9.5,0.0,0.0,17.0,67,0,0,22.1,30,1.554,severe
2025-01-02,17,Thursday,0,0,Sabail,Istiglaliyyat St,0,0,1,clear,9.5,0.0,0.0,17.0,67,0,0,18.0,32,1.467,severe
2025-01-02,17,Thursday,0,0,Khatai,Babek Ave,1,1,0,clear,9.5,0.0,0.0,17.0,67,0,0,20.5,17,1.267,high
2025-01-02,17,Thursday,0,0,Khatai,Nobel Ave,0,0,0,clear,9.5,0.0,0.0,17.0,67,0,0,24.4,29,1.32,high
2025-01-02,17,Thursday,0,0,Narimanov,Heydar Aliyev Ave,1,1,0,clear,9.5,0.0,0.0,17.0,67,0,0,19.3,27,1.378,high
2025-01-02,17,Thursday,0,0,Narimanov,Ataturk Ave,1,0,1,clear,9.5,0.0,0.0,17.0,67,0,0,21.9,30,1.414,high
2025-01-02,17,Thursday,0,0,Binagadi,Ziya Bunyadov Ave,0,1,0,clear,9.5,0.0,0.0,17.0,67,0,0,19.9,22,1.317,high
2025-01-02,17,Thursday,0,0,Nizami,Qara Qarayev Ave,1,1,1,clear,9.5,0.0,0.0,17.0,67,0,0,24.3,27,1.313,high
2025-01-02,17,Thursday,0,0,Surakhani,Airport Highway,0,0,0,clear,9.5,0.0,0.0,17.0,67,0,0,34.3,19,1.178,high
2025-01-02,17,Thursday,0,0,Garadagh,Baku-Salyan Highway,0,0,0,clear,9.5,0.0,0.0,17.0,67,0,0,33.7,17,0.879,medium
2025-01-02,18,Thursday,0,0,Yasamal,Inshaatchilar Ave,1,0,1,clear,8.5,0.0,0.0,15.3,70,0,0,30.8,19,1.402,high
2025-01-02,18,Thursday,0,0,Yasamal,Tbilisi Ave,1,0,1,clear,8.5,0.0,0.0,15.3,70,0,0,22.8,13,1.343,high
2025-01-02,18,Thursday,0,0,Nasimi,28 May St,1,0,1,clear,8.5,0.0,0.0,15.3,70,0,0,28.0,25,1.481,severe
2025-01-02,18,Thursday,0,0,Nasimi,Azadliq Ave,1,1,1,clear,8.5,0.0,0.0,15.3,70,0,0,22.3,22,1.345,high
2025-01-02,18,Thursday,0,0,Sabail,Neftchilar Ave,1,0,1,clear,8.5,0.0,0.0,15.3,70,0,0,18.5,31,1.446,high
2025-01-02,18,Thursday,0,0,Sabail,Istiglaliyyat St,0,0,1,clear,8.5,0.0,0.0,15.3,70,0,0,33.3,18,1.082,high
2025-01-02,18,Thursday,0,0,Khatai,Babek Ave,1,1,0,clear,8.5,0.0,0.0,15.3,70,0,0,27.4,17,1.4,high
2025-01-02,18,Thursday,0,0,Khatai,Nobel Ave,0,0,0,clear,8.5,0.0,0.0,15.3,70,0,0,31.2,15,0.951,medium
2025-01-02,18,Thursday,0,0,Narimanov,Heydar Aliyev Ave,1,1,0,clear,8.5,0.0,0.0,15.3,70,0,0,27.4,26,1.279,high
2025-01-02,18,Thursday,0,0,Narimanov,Ataturk Ave,1,0,1,clear,8.5,0.0,0.0,15.3,70,0,0,22.5,22,1.178,high
2025-01-02,18,Thursday,0,0,Binagadi,Ziya Bunyadov Ave,0,1,0,clear,8.5,0.0,0.0,15.3,70,0,0,28.1,20,1.228,high
2025-01-02,18,Thursday,0,0,Nizami,Qara Qarayev Ave,1,1,1,clear,8.5,0.0,0.0,15.3,70,0,0,33.4,16,1.271,high
2025-01-02,18,Thursday,0,0,Surakhani,Airport Highway,0,0,0,clear,8.5,0.0,0.0,15.3,70,0,0,36.0,25,1.025,medium
2025-01-02,18,Thursday,0,0,Garadagh,Baku-Salyan Highway,0,0,0,clear,8.5,0.0,0.0,15.3,70,0,0,28.3,10,1.027,medium
2025-01-02,19,Thursday,0,0,Yasamal,Inshaatchilar Ave,1,0,1,clear,7.8,0.0,0.0,14.4,72,0,0,29.2,22,1.422,high
2025-01-02,19,Thursday,0,0,Yasamal,Tbilisi Ave,1,0,1,clear,7.8,0.0,0.0,14.4,72,0,0,20.7,25,1.392,high
2025-01-02,19,Thursday,0,0,Nasimi,28 May St,1,0,1,clear,7.8,0.0,0.0,14.4,72,0,0,19.4,33,1.572,severe
2025-01-02,19,Thursday,0,0,Nasimi,Azadliq Ave,1,1,1,clear,7.8,0.0,0.0,14.4,72,0,0,25.1,17,1.255,high
2025-01-02,19,Thursday,0,0,Sabail,Neftchilar Ave,1,0,1,clear,7.8,0.0,0.0,14.4,72,0,0,12.6,30,1.598,severe
2025-01-02,19,Thursday,0,0,Sabail,Istiglaliyyat St,0,0,1,clear,7.8,0.0,0.0,14.4,72,0,0,20.8,22,1.271,high
2025-01-02,19,Thursday,0,0,Khatai,Babek Ave,1,1,0,clear,7.8,0.0,0.0,14.4,72,0,0,26.6,24,1.29,high
2025-01-02,19,Thursday,0,0,Khatai,Nobel Ave,0,0,0,clear,7.8,0.0,0.0,14.4,72,0,0,20.3,30,1.366,high
2025-01-02,19,Thursday,0,0,Narimanov,Heydar Aliyev Ave,1,1,0,clear,7.8,0.0,0.0,14.4,72,0,0,21.0,20,1.312,high
2025-01-02,19,Thursday,0,0,Narimanov,Ataturk Ave,1,0,1,clear,7.8,0.0,0.0,14.4,72,0,0,29.0,24,1.314,high
2025-01-02,19,Thursday,0,0,Binagadi,Ziya Bunyadov Ave,0,1,0,clear,7.8,0.0,0.0,14.4,72,0,0,24.0,31,1.421,high
2025-01-02,19,Thursday,0,0,Nizami,Qara Qarayev Ave,1,1,1,clear,7.8,0.0,0.0,14.4,72,0,0,23.4,25,1.389,high
2025-01-02,19,Thursday,0,0,Surakhani,Airport Highway,0,0,0,clear,7.8,0.0,0.0,14.4,72,0,0,32.2,12,1.028,medium
2025-01-02,19,Thursday,0,0,Garadagh,Baku-Salyan Highway,0,0,0,clear,7.8,0.0,0.0,14.4,72,0,0,39.0,14,0.857,medium
2025-01-02,20,Thursday,0,0,Yasamal,Inshaatchilar Ave,1,0,1,clear,7.2,0.0,0.0,14.4,74,0,0,19.9,22,1.272,high
2025-01-02,20,Thursday,0,0,Yasamal,Tbilisi Ave,1,0,1,clear,7.2,0.0,0.0,14.4,74,0,0,22.3,30,1.624,severe
2025-01-02,20,Thursday,0,0,Nasimi,28 May St,1,0,1,clear,7.2,0.0,0.0,14.4,74,0,0,26.4,31,1.47,severe
2025-01-02,20,Thursday,0,0,Nasimi,Azadliq Ave,1,1,1,clear,7.2,0.0,0.0,14.4,74,0,0,25.9,26,1.379,high
2025-01-02,20,Thursday,0,0,Sabail,Neftchilar Ave,1,0,1,clear,7.2,0.0,0.0,14.4,74,0,0,26.4,30,1.536,severe
2025-01-02,20,Thursday,0,0,Sabail,Istiglaliyyat St,0,0,1,clear,7.2,0.0,0.0,14.4,74,0,0,17.3,27,1.549,severe
2025-01-02,20,Thursday,0,0,Khatai,Babek Ave,1,1,0,clear,7.2,0.0,0.0,14.4,74,0,0,25.2,21,1.198,high
2025-01-02,20,Thursday,0,0,Khatai,Nobel Ave,0,0,0,clear,7.2,0.0,0.0,14.4,74,0,0,24.4,22,1.427,high
2025-01-02,20,Thursday,0,0,Narimanov,Heydar Aliyev Ave,1,1,0,clear,7.2,0.0,0.0,14.4,74,0,0,21.2,23,1.274,high
2025-01-02,20,Thursday,0,0,Narimanov,Ataturk Ave,1,0,1,clear,7.2,0.0,0.0,14.4,74,0,0,36.1,23,1.079,high
2025-01-02,20,Thursday,0,0,Binagadi,Ziya Bunyadov Ave,0,1,0,clear,7.2,0.0,0.0,14.4,74,0,0,18.9,27,1.509,severe
2025-01-02,20,Thursday,0,0,Nizami,Qara Qarayev Ave,1,1,1,clear,7.2,0.0,0.0,14.4,74,0,0,26.6,18,1.22,high
2025-01-02,20,Thursday,0,0,Surakhani,Airport Highway,0,0,0,clear,7.2,0.0,0.0,14.4,74,0,0,34.8,29,1.336,high
2025-01-02,20,Thursday,0,0,Garadagh,Baku-Salyan Highway,0,0,0,clear,7.2,0.0,0.0,14.4,74,0,0,35.7,16,0.96,medium
2025-01-02,21,Thursday,0,0,Yasamal,Inshaatchilar Ave,1,0,1,clear,6.9,0.0,0.0,15.4,75,0,0,38.5,14,0.677,medium
2025-01-02,21,Thursday,0,0,Yasamal,Tbilisi Ave,1,0,1,clear,6.9,0.0,0.0,15.4,75,0,0,40.0,14,0.784,medium
2025-01-02,21,Thursday,0,0,Nasimi,28 May St,1,0,1,clear,6.9,0.0,0.0,15.4,75,0,0,38.6,12,0.945,medium
2025-01-02,21,Thursday,0,0,Nasimi,Azadliq Ave,1,1,1,clear,6.9,0.0,0.0,15.4,75,0,0,51.3,21,0.681,medium
2025-01-02,21,Thursday,0,0,Sabail,Neftchilar Ave,1,0,1,clear,6.9,0.0,0.0,15.4,75,0,0,39.1,15,0.891,medium
2025-01-02,21,Thursday,0,0,Sabail,Istiglaliyyat St,0,0,1,clear,6.9,0.0,0.0,15.4,75,0,0,30.9,15,0.982,medium
2025-01-02,21,Thursday,0,0,Khatai,Babek Ave,1,1,0,clear,6.9,0.0,0.0,15.4,75,0,0,46.5,10,0.704,medium
2025-01-02,21,Thursday,0,0,Khatai,Nobel Ave,0,0,0,clear,6.9,0.0,0.0,15.4,75,0,0,45.3,12,0.734,medium
2025-01-02,21,Thursday,0,0,Narimanov,Heydar Aliyev Ave,1,1,0,clear,6.9,0.0,0.0,15.4,75,0,0,40.2,13,0.759,medium
2025-01-02,21,Thursday,0,0,Narimanov,Ataturk Ave,1,0,1,clear,6.9,0.0,0.0,15.4,75,0,0,39.0,19,0.88,medium
2025-01-02,21,Thursday,0,0,Binagadi,Ziya Bunyadov Ave,0,1,0,clear,6.9,0.0,0.0,15.4,75,0,0,46.8,9,0.591,low
2025-01-02,21,Thursday,0,0,Nizami,Qara Qarayev Ave,1,1,1,clear,6.9,0.0,0.0,15.4,75,0,0,39.9,16,0.67,medium
2025-01-02,21,Thursday,0,0,Surakhani,Airport Highway,0,0,0,clear,6.9,0.0,0.0,15.4,75,0,0,41.1,9,0.546,low
2025-01-02,21,Thursday,0,0,Garadagh,Baku-Salyan Highway,0,0,0,clear,6.9,0.0,0.0,15.4,75,0,0,37.5,9,0.559,low
2025-01-02,22,Thursday,0,0,Yasamal,Inshaatchilar Ave,1,0,1,clear,6.7,0.0,0.0,16.2,76,0,0,31.6,13,0.92,medium
2025-01-02,22,Thursday,0,0,Yasamal,Tbilisi Ave,1,0,1,clear,6.7,0.0,0.0,16.2,76,0,0,35.3,10,0.696,medium
2025-01-02,22,Thursday,0,0,Nasimi,28 May St,1,0,1,clear,6.7,0.0,0.0,16.2,76,0,0,31.4,16,1.148,high
2025-01-02,22,Thursday,0,0,Nasimi,Azadliq Ave,1,1,1,clear,6.7,0.0,0.0,16.2,76,0,0,42.2,14,0.868,medium
2025-01-02,22,Thursday,0,0,Sabail,Neftchilar Ave,1,0,1,clear,6.7,0.0,0.0,16.2,76,0,0,30.8,16,0.991,medium
2025-01-02,22,Thursday,0,0,Sabail,Istiglaliyyat St,0,0,1,clear,6.7,0.0,0.0,16.2,76,0,0,34.3,15,0.851,medium
2025-01-02,22,Thursday,0,0,Khatai,Babek Ave,1,1,0,clear,6.7,0.0,0.0,16.2,76,0,0,38.5,18,0.794,medium
2025-01-02,22,Thursday,0,0,Khatai,Nobel Ave,0,0,0,clear,6.7,0.0,0.0,16.2,76,0,0,37.0,11,0.782,medium
2025-01-02,22,Thursday,0,0,Narimanov,Heydar Aliyev Ave,1,1,0,clear,6.7,0.0,0.0,16.2,76,0,0,44.4,21,0.9,medium
2025-01-02,22,Thursday,0,0,Narimanov,Ataturk Ave,1,0,1,clear,6.7,0.0,0.0,16.2,76,0,0,44.1,14,0.676,medium
2025-01-02,22,Thursday,0,0,Binagadi,Ziya Bunyadov Ave,0,1,0,clear,6.7,0.0,0.0,16.2,76,0,0,33.5,17,0.828,medium
2025-01-02,22,Thursday,0,0,Nizami,Qara Qarayev Ave,1,1,1,clear,6.7,0.0,0.0,16.2,76,0,0,39.6,18,0.761,medium
2025-01-02,22,Thursday,0,0,Surakhani,Airport Highway,0,0,0,clear,6.7,0.0,0.0,16.2,76,0,0,33.6,10,0.779,medium
2025-01-02,22,Thursday,0,0,Garadagh,Baku-Salyan Highway,0,0,0,clear,6.7,0.0,0.0,16.2,76,0,0,43.4,5,0.59,low
2025-01-02,23,Thursday,0,0,Yasamal,Inshaatchilar Ave,1,0,1,clear,6.4,0.0,0.0,15.9,77,0,0,47.1,12,0.543,low
2025-01-02,23,Thursday,0,0,Yasamal,Tbilisi Ave,1,0,1,clear,6.4,0.0,0.0,15.9,77,0,0,43.4,7,0.612,low
2025-01-02,23,Thursday,0,0,Nasimi,28 May St,1,0,1,clear,6.4,0.0,0.0,15.9,77,0,0,38.5,14,0.745,medium
2025-01-02,23,Thursday,0,0,Nasimi,Azadliq Ave,1,1,1,clear,6.4,0.0,0.0,15.9,77,0,0,47.9,6,0.544,low
2025-01-02,23,Thursday,0,0,Sabail,Neftchilar Ave,1,0,1,clear,6.4,0.0,0.0,15.9,77,0,0,46.1,11,0.521,low
2025-01-02,23,Thursday,0,0,Sabail,Istiglaliyyat St,0,0,1,clear,6.4,0.0,0.0,15.9,77,0,0,56.7,5,0.437,low
2025-01-02,23,Thursday,0,0,Khatai,Babek Ave,1,1,0,clear,6.4,0.0,0.0,15.9,77,0,0,45.0,7,0.591,low
2025-01-02,23,Thursday,0,0,Khatai,Nobel Ave,0,0,0,clear,6.4,0.0,0.0,15.9,77,0,0,55.9,13,0.353,low
2025-01-02,23,Thursday,0,0,Narimanov,Heydar Aliyev Ave,1,1,0,clear,6.4,0.0,0.0,15.9,77,0,0,53.7,8,0.275,low
2025-01-02,23,Thursday,0,0,Narimanov,Ataturk Ave,1,0,1,clear,6.4,0.0,0.0,15.9,77,0,0,41.7,7,0.641,low
2025-01-02,23,Thursday,0,0,Binagadi,Ziya Bunyadov Ave,0,1,0,clear,6.4,0.0,0.0,15.9,77,0,0,42.5,13,0.781,medium
2025-01-02,23,Thursday,0,0,Nizami,Qara Qarayev Ave,1,1,1,clear,6.4,0.0,0.0,15.9,77,0,0,42.4,6,0.468,low
2025-01-02,23,Thursday,0,0,Surakhani,Airport Highway,0,0,0,clear,6.4,0.0,0.0,15.9,77,0,0,44.3,12,0.354,low
2025-01-02,23,Thursday,0,0,Garadagh,Baku-Salyan Highway,0,0,0,clear,6.4,0.0,0.0,15.9,77,0,0,53.7,0,0.229,low
